"experiment","version","demo_id","demo_age","demo_sex","workerId","PROLIFIC_PID","survey_duration","interview_date","interview_date_full","rgpts_refe","rgpts_pers","rgpts_para","ATTN_1","bpe","caps_total","caps_distress","caps_distracting","caps_hardly","Q2.1_1","Q2.1_2","Q2.1_3","Q2.1_4","Q2.1_5","Q2.1_6","Q2.1_7","Q2.1_8","Q2.1_9","Q2.1_10","Q2.1_11","Q2.1_12","Q2.1_13","Q2.1_14","Q2.1_15","Q2.1_16","Q2.1_17","Q2.1_18","Q2.1_19","Q2.1_20","Q2.1_21","Q2.1_22","Q2.1_23","Q2.1_24","Q2.1_25","Q2.1_26","Q2.1_27","Q2.1_28","Q2.1_29","Q2.1_30","Q2.1_31","Q2.1_32","first","task_duration"
2,"detect-wolf","","22","Male","","62e12fbfcfefe85c35468bff",1.96666666666667,2023-04-25,"04/25/2023",0,0,"low","Extremely",NA,3,5,5,3,1,0,0,0,1,0,0,0,0,0,0,0,0,0,0,0,0,0,0,0,0,0,0,0,0,0,0,0,0,0,0,1,"wolf",NA
2,"detect-wolf","","30","Female","","605c9821af6a9ee9049160b9",1.7,2023-04-25,"04/25/2023",6,0,"low","Extremely",NA,0,0,0,0,0,0,0,0,0,0,0,0,0,0,0,0,0,0,0,0,0,0,0,0,0,0,0,0,0,0,0,0,0,0,0,0,"wolf",NA
2,"detect-wolf","","40","Female","","558a9729fdf99b6567d005ab",4.8,2023-04-25,"04/25/2023",0,0,"low","Extremely",3.125,0,0,0,0,0,0,0,0,0,0,0,0,0,0,0,0,0,0,0,0,0,0,0,0,0,0,0,0,0,0,0,0,0,0,0,0,"wolf",NA
2,"detect-wolf","","31","Female","","59c9c8da5535800001a8e434",8.55,2023-04-25,"04/25/2023",7,3,"low","Extremely",1.91666666666667,14,32,38,22,1,0,1,0,0,1,0,0,0,0,1,0,0,1,1,0,1,0,0,1,0,1,1,0,0,1,1,0,0,1,0,1,"wolf",NA
2,"detect-wolf","","39","Female","","61566a3f9dbfaa23c946b2fd",9.26666666666667,2023-04-25,"04/25/2023",1,0,"low","Extremely",1.875,4,14,13,6,0,0,0,0,1,1,0,0,0,0,0,0,0,0,0,0,0,0,0,1,0,1,0,0,0,0,0,0,0,0,0,0,"wolf",NA
2,"detect-wolf","","34","Female","","6108ac21952e40cfe7c41d39",8.25,2023-04-25,"04/25/2023",1,1,"low","Extremely",2.875,9,9,10,13,1,1,0,1,0,1,0,1,0,0,0,1,0,1,0,0,0,0,0,0,0,0,0,0,0,0,0,0,1,1,0,0,"wolf",NA
2,"detect-wolf","","40","Female","","58a43e029a17120001d910d5",9.1,2023-04-25,"04/25/2023",0,0,"low","Extremely",2.83333333333333,4,8,8,8,0,0,0,0,0,0,0,0,0,0,0,0,0,0,0,0,0,1,0,0,0,1,0,0,0,0,0,0,1,1,0,0,"wolf",NA
2,"detect-wolf","","39","Female","","5d4fc7b44ec90b0017218453",11.9,2023-04-25,"04/25/2023",9,8,"low","Extremely",2.875,4,10,11,9,0,1,0,1,0,0,0,1,0,0,0,0,0,0,0,0,0,0,0,1,0,0,0,0,0,0,0,0,0,0,0,0,"wolf",NA
2,"detect-wolf","","27","Male","","62e312aee45289e0d840f825",5,2023-04-25,"04/25/2023",6,2,"low","Extremely",1.625,0,0,0,0,0,0,0,0,0,0,0,0,0,0,0,0,0,0,0,0,0,0,0,0,0,0,0,0,0,0,0,0,0,0,0,0,"wolf",NA
2,"detect-wolf","","46","Female","","631634c04e43861585e07b87",7.3,2023-04-25,"04/25/2023",0,0,"low","Extremely",2.45833333333333,0,0,0,0,0,0,0,0,0,0,0,0,0,0,0,0,0,0,0,0,0,0,0,0,0,0,0,0,0,0,0,0,0,0,0,0,"wolf",NA
2,"detect-wolf","","38","Male","","60d8ff40380e6a77826f28b3",8.6,2023-04-25,"04/25/2023",22,14,"high","Extremely",2.79166666666667,9,22,23,15,0,1,0,0,0,1,0,0,0,0,0,1,0,0,0,0,1,1,0,0,1,0,0,0,1,0,1,0,0,1,0,0,"wolf",NA
2,"detect-wolf","","31","Male","","61292a3404d387db5b0b2a32",14,2023-04-25,"04/25/2023",0,0,"low","Extremely",3.16666666666667,1,2,2,2,1,0,0,0,0,0,0,0,0,0,0,0,0,0,0,0,0,0,0,0,0,0,0,0,0,0,0,0,0,0,0,0,"wolf",NA
2,"detect-wolf","","48","Male","","63ec351e54d94aea80599640",6.73333333333333,2023-04-25,"04/25/2023",0,0,"low","Extremely",3.16666666666667,0,0,0,0,0,0,0,0,0,0,0,0,0,0,0,0,0,0,0,0,0,0,0,0,0,0,0,0,0,0,0,0,0,0,0,0,"wolf",NA
2,"detect-wolf","","36","Female","","5ca4e7d55b5b780012e25b54",12.4833333333333,2023-04-25,"04/25/2023",0,0,"low","Extremely",2.375,0,0,0,0,0,0,0,0,0,0,0,0,0,0,0,0,0,0,0,0,0,0,0,0,0,0,0,0,0,0,0,0,0,0,0,0,"wolf",NA
2,"detect-wolf","","49","Female","","5f18ff404f90fe1473c2e3b6",9.73333333333333,2023-04-25,"04/25/2023",5,6,"low","Extremely",1.79166666666667,3,8,8,8,0,0,1,0,0,0,0,0,0,1,0,0,0,0,0,0,0,0,0,1,0,0,0,0,0,0,0,0,0,0,0,0,"wolf",NA
2,"detect-wolf","","36","Female","","63d41e9f93e7a2487a33f4a2",9.8,2023-04-25,"04/25/2023",6,4,"low","Extremely",2.58333333333333,11,32,32,34,1,0,1,0,1,0,0,1,1,0,0,0,0,1,0,0,0,0,0,1,0,1,0,0,0,1,1,0,0,1,0,0,"wolf",NA
2,"detect-wolf","","39","Male","","6362aca86b740b1ec4cb6efb",6.88333333333333,2023-04-25,"04/25/2023",16,24,"high","Extremely",2.20833333333333,18,50,47,53,1,1,1,1,1,1,1,1,0,0,0,1,1,0,1,0,0,0,1,0,1,0,0,0,1,0,1,1,0,1,0,1,"wolf",NA
2,"detect-wolf","","21","Female","","5f503a5aaf6c8c1a78242005",6.9,2023-04-25,"04/25/2023",1,2,"low","Extremely",4.54166666666667,0,0,0,0,0,0,0,0,0,0,0,0,0,0,0,0,0,0,0,0,0,0,0,0,0,0,0,0,0,0,0,0,0,0,0,0,"wolf",NA
2,"detect-wolf","","18","Male","","63d5b8e216423b3da8ef6b7f",5.4,2023-04-25,"04/25/2023",24,29,"high","Extremely",2.5,2,2,2,2,0,0,0,0,0,0,0,0,0,0,0,0,0,0,0,0,0,0,0,0,0,0,0,0,0,0,0,0,0,1,0,1,"wolf",NA
2,"detect-wolf","","25","Male","","5d8df690489673001bf57baa",7.23333333333333,2023-04-25,"04/25/2023",0,0,"low","Extremely",2,0,0,0,0,0,0,0,0,0,0,0,0,0,0,0,0,0,0,0,0,0,0,0,0,0,0,0,0,0,0,0,0,0,0,0,0,"wolf",NA
2,"detect-wolf","","28","Male","","586c89be73ee610001418542",5.83333333333333,2023-04-25,"04/25/2023",2,0,"low","Extremely",2.58333333333333,0,0,0,0,0,0,0,0,0,0,0,0,0,0,0,0,0,0,0,0,0,0,0,0,0,0,0,0,0,0,0,0,0,0,0,0,"wolf",NA
2,"detect-wolf","","22","Male","","62a96f8f6ab7e0c3ce90095f",6.31666666666667,2023-04-25,"04/25/2023",5,0,"low","Extremely",2.58333333333333,2,2,2,4,0,0,0,0,0,0,0,0,0,0,0,0,0,0,0,0,0,0,0,0,0,0,1,0,0,0,1,0,0,0,0,0,"wolf",NA
2,"detect-wolf","","34","Female","","6414da249f9cb706134516b3",10.5166666666667,2023-04-25,"04/25/2023",14,13,"high","Extremely",3.08333333333333,3,5,9,4,1,0,1,0,0,0,1,0,0,0,0,0,0,0,0,0,0,0,0,0,0,0,0,0,0,0,0,0,0,0,0,0,"wolf",NA
2,"detect-wolf","","27","Female","","5af1c437bfb51a000181d170",7.86666666666667,2023-04-25,"04/25/2023",16,27,"high","Extremely",3.58333333333333,4,6,9,10,0,0,0,0,0,0,0,0,0,0,0,0,0,0,0,0,0,1,0,1,1,1,0,0,0,0,0,0,0,0,0,0,"wolf",NA
2,"detect-wolf","","37","Male","","5bfc3bf2f553fa0001fee8f4",5.91666666666667,2023-04-25,"04/25/2023",0,0,"low","Extremely",3.54166666666667,0,0,0,0,0,0,0,0,0,0,0,0,0,0,0,0,0,0,0,0,0,0,0,0,0,0,0,0,0,0,0,0,0,0,0,0,"wolf",NA
2,"detect-wolf","","24","Female","","63bdae97e6ff597998c80cd4",12,2023-04-25,"04/25/2023",1,0,"low","Extremely",2.79166666666667,8,24,16,15,1,0,0,0,0,1,0,1,0,1,0,0,0,0,0,0,0,1,0,0,0,1,1,0,0,0,1,0,0,0,0,0,"wolf",NA
2,"detect-wolf","","25","Female","","5ac2b4889534ba0001c72843",5.1,2023-04-25,"04/25/2023",6,0,"low","Extremely",3.33333333333333,2,2,2,4,0,0,0,0,0,0,0,0,0,0,0,0,0,0,0,0,0,0,0,0,0,0,0,0,0,0,0,0,1,1,0,0,"wolf",NA
2,"detect-wolf","","25","Female","","5c69bdaf81ea8900018aeccd",7.8,2023-04-25,"04/25/2023",15,9,"low","Extremely",3.29166666666667,16,44,54,44,1,0,0,0,1,1,0,1,0,0,0,0,0,1,1,1,0,0,0,1,1,1,1,0,1,1,1,0,0,1,0,1,"wolf",NA
2,"detect-wolf","","22","Male","","620bdf2aa922fc3f247f706b",7.8,2023-04-25,"04/25/2023",16,13,"high","Extremely",3.875,12,29,29,32,0,0,1,1,1,1,1,1,1,0,0,0,0,1,0,0,0,0,0,1,0,0,1,0,1,0,1,0,0,0,0,0,"wolf",NA
2,"detect-wolf","","33","Male","","629513753a4424c933282660",7.08333333333333,2023-04-25,"04/25/2023",10,4,"low","Extremely",1.91666666666667,0,0,0,0,0,0,0,0,0,0,0,0,0,0,0,0,0,0,0,0,0,0,0,0,0,0,0,0,0,0,0,0,0,0,0,0,"wolf",NA
2,"detect-wolf","","40","Female","","5ba4acc91fadfd0001af046d",6.93333333333333,2023-04-25,"04/25/2023",1,1,"low","Extremely",2.375,1,2,2,1,0,0,0,1,0,0,0,0,0,0,0,0,0,0,0,0,0,0,0,0,0,0,0,0,0,0,0,0,0,0,0,0,"wolf",NA
2,"detect-wolf","","28","Female","","5f5967d6e280e61b2db8e55c",3.88333333333333,2023-04-25,"04/25/2023",0,0,"low","Extremely",3.54166666666667,0,0,0,0,0,0,0,0,0,0,0,0,0,0,0,0,0,0,0,0,0,0,0,0,0,0,0,0,0,0,0,0,0,0,0,0,"wolf",NA
2,"detect-wolf","","22","Male","","6320a1395b4e05325c746101",13.5166666666667,2023-04-25,"04/25/2023",15,14,"high","Extremely",2.54166666666667,4,6,5,10,0,0,0,0,0,0,0,1,0,0,0,0,0,1,0,0,0,0,0,0,1,0,0,0,0,0,0,0,0,1,0,0,"wolf",NA
2,"detect-wolf","","52","Female","","599de5758a6cc5000128f97e",9.26666666666667,2023-04-25,"04/25/2023",0,0,"low","Extremely",2.08333333333333,6,18,19,16,1,0,0,0,1,0,0,0,0,0,0,0,0,0,0,0,0,0,1,1,0,0,0,0,0,1,1,0,0,0,0,0,"wolf",NA
2,"detect-wolf","","21","Female","","61003c87b533bb60f194d598",35.7166666666667,2023-04-25,"04/25/2023",15,3,"low","Extremely",2.41666666666667,14,35,41,46,1,0,1,1,0,0,1,0,1,1,0,0,0,0,0,0,1,1,0,1,1,0,0,1,1,0,0,0,0,1,0,1,"wolf",NA
2,"detect-wolf","","30","Male","","63d7b1a0af0a978609a30e3b",7.31666666666667,2023-04-25,"04/25/2023",9,1,"low","Extremely",2.41666666666667,3,4,4,4,0,0,1,0,1,0,0,0,0,0,1,0,0,0,0,0,0,0,0,0,0,0,0,0,0,0,0,0,0,0,0,0,"wolf",NA
2,"detect-wolf","","42","Male","","5bf6fc936c445d0001aeba98",5.8,2023-04-25,"04/25/2023",0,0,"low","Extremely",3.25,1,2,2,3,1,0,0,0,0,0,0,0,0,0,0,0,0,0,0,0,0,0,0,0,0,0,0,0,0,0,0,0,0,0,0,0,"wolf",NA
2,"detect-wolf","","34","Female","","61075cd65402ea40233182f1",7.01666666666667,2023-04-25,"04/25/2023",10,9,"low","Extremely",3.875,8,20,12,15,0,0,1,1,1,1,1,0,0,0,0,0,0,1,0,0,0,0,0,0,0,0,0,0,0,1,1,0,0,0,0,0,"wolf",NA
2,"detect-wolf","","23","Female","","6009eee6721c400d92d4cd39",7.18333333333333,2023-04-25,"04/25/2023",15,8,"low","Extremely",3.25,4,7,8,7,0,0,0,0,0,0,0,0,0,0,0,0,0,1,0,1,0,0,0,0,0,0,1,0,0,0,0,0,0,1,0,0,"wolf",NA
2,"detect-wolf","","42","Female","","55b6a2e5fdf99b350d57360e",6.96666666666667,2023-04-25,"04/25/2023",0,0,"low","Extremely",1.83333333333333,0,0,0,0,0,0,0,0,0,0,0,0,0,0,0,0,0,0,0,0,0,0,0,0,0,0,0,0,0,0,0,0,0,0,0,0,"wolf",NA
2,"detect-wolf","","33","Female","","608f2aa883599160c8b87a79",6.11666666666667,2023-04-25,"04/25/2023",0,0,"low","Extremely",2.25,0,0,0,0,0,0,0,0,0,0,0,0,0,0,0,0,0,0,0,0,0,0,0,0,0,0,0,0,0,0,0,0,0,0,0,0,"wolf",NA
2,"detect-wolf","","37","Female","","5d460ce9ba790b0001dd488c",3.81666666666667,2023-04-25,"04/25/2023",22,0,"low","Extremely",2.83333333333333,4,9,8,8,1,0,0,0,0,0,0,0,0,0,0,0,0,1,0,0,0,1,0,0,0,1,0,0,0,0,0,0,0,0,0,0,"wolf",NA
2,"detect-wolf","","47","Female","","614ee347a57616853a7b1356",6.8,2023-04-25,"04/25/2023",3,0,"low","Extremely",2,6,16,14,15,1,0,0,1,0,0,0,0,1,0,0,0,0,0,0,0,0,0,0,1,0,0,1,1,0,0,0,0,0,0,0,0,"wolf",NA
2,"detect-wolf","","33","Male","","5d5e40443394c50016d300ed",4.2,2023-04-25,"04/25/2023",14,21,"high","Extremely",3.16666666666667,3,8,7,9,0,0,0,0,0,1,0,0,1,0,0,0,0,0,0,0,0,0,1,0,0,0,0,0,0,0,0,0,0,0,0,0,"wolf",NA
2,"detect-wolf","","29","Female","","594936ad4152bf0001bfd5cd",6.91666666666667,2023-04-25,"04/25/2023",12,8,"low","Extremely",2.16666666666667,11,29,32,30,0,0,0,1,0,1,0,0,0,0,0,1,0,0,1,1,0,1,0,0,0,0,1,1,0,0,1,0,0,0,1,1,"wolf",NA
2,"detect-wolf","","28","Male","","63db3c82ebb3221d9c787054",11.7666666666667,2023-04-25,"04/25/2023",13,1,"low","Extremely",2.79166666666667,5,10,10,8,0,0,0,0,1,0,0,0,0,0,0,0,0,1,0,0,0,0,0,0,0,1,0,0,0,0,1,0,1,0,0,0,"wolf",NA
2,"detect-wolf","","34","Female","","55b508f4fdf99b1c26c21c69",14.2,2023-04-25,"04/25/2023",4,29,"high","Extremely",4.41666666666667,21,51,73,55,0,1,1,1,1,1,0,1,1,0,1,1,1,1,0,0,0,1,0,0,1,1,1,0,1,1,1,0,0,1,1,1,"wolf",NA
2,"detect-wolf","","53","Male","","640a4a98f661d71ffaf3fc6a",18.9,2023-04-25,"04/25/2023",8,18,"high","Extremely",2.91666666666667,12,30,23,42,1,0,1,0,1,0,0,0,1,1,0,1,0,0,0,0,0,1,0,0,0,0,1,0,0,1,0,0,1,0,1,1,"wolf",NA
2,"detect-wolf","","34","Male","","5df5eeb3ef7f5e41d160d60b",11.4833333333333,2023-04-25,"04/25/2023",13,5,"low","Extremely",2.79166666666667,10,33,31,22,0,1,1,0,1,1,0,1,0,0,0,0,0,0,0,0,0,1,0,0,0,0,1,0,1,1,1,0,0,0,0,0,"wolf",NA
2,"detect-wolf","","34","Male","","5a8b3fa3b093f80001a80576",5.73333333333333,2023-04-25,"04/25/2023",15,5,"low","Extremely",3.33333333333333,0,0,0,0,0,0,0,0,0,0,0,0,0,0,0,0,0,0,0,0,0,0,0,0,0,0,0,0,0,0,0,0,0,0,0,0,"wolf",NA
2,"detect-wolf","","26","Female","","61085ff42440de95b3199d3f",10.6333333333333,2023-04-25,"04/25/2023",7,5,"low","Extremely",2.91666666666667,14,50,54,52,1,1,1,1,0,0,1,0,1,0,0,1,0,0,0,1,0,0,0,1,1,1,1,0,0,0,1,0,0,1,0,0,"wolf",NA
2,"detect-wolf","","28","Male","","5ba855d47c0ebe0001272f70",6.75,2023-04-25,"04/25/2023",7,0,"low","Extremely",2.04166666666667,0,0,0,0,0,0,0,0,0,0,0,0,0,0,0,0,0,0,0,0,0,0,0,0,0,0,0,0,0,0,0,0,0,0,0,0,"wolf",NA
2,"detect-wolf","","27","Female","","60b8ee3c30afdb493743872e",9.85,2023-04-25,"04/25/2023",11,7,"low","Extremely",2.95833333333333,1,1,1,1,1,0,0,0,0,0,0,0,0,0,0,0,0,0,0,0,0,0,0,0,0,0,0,0,0,0,0,0,0,0,0,0,"wolf",NA
2,"detect-wolf","","28","Male","","62d06d1b651d6922f62fab9b",5.95,2023-04-25,"04/25/2023",0,0,"low","Extremely",2.41666666666667,1,1,2,2,0,0,0,0,0,0,0,0,0,0,0,0,0,0,0,0,0,0,0,0,0,0,0,0,1,0,0,0,0,0,0,0,"wolf",NA
2,"detect-wolf","","24","Female","","6313f4ebb6eb359b0650a088",7.03333333333333,2023-04-25,"04/25/2023",5,5,"low","Extremely",3.29166666666667,0,0,0,0,0,0,0,0,0,0,0,0,0,0,0,0,0,0,0,0,0,0,0,0,0,0,0,0,0,0,0,0,0,0,0,0,"wolf",NA
2,"detect-wolf","","21","Female","","61010ed79b9d528dcd376bc7",5.76666666666667,2023-04-25,"04/25/2023",25,20,"high","Extremely",2.83333333333333,14,70,45,30,1,1,1,1,0,1,1,1,1,0,0,0,0,0,0,0,0,0,1,0,0,1,1,0,0,0,1,0,1,0,0,1,"wolf",NA
2,"detect-wolf","","21","Female","","5fc6d0e5563ad810513c9c7a",15.1166666666667,2023-04-25,"04/25/2023",6,18,"high","Extremely",3.875,7,29,34,27,0,0,0,0,1,1,0,0,0,0,0,1,0,0,0,0,0,0,0,1,0,0,1,0,0,0,0,0,1,0,0,1,"wolf",NA
2,"detect-wolf","","44","Female","","63d16430ec396edab1fe4a32",10.8833333333333,2023-04-25,"04/25/2023",2,0,"low","Extremely",4.16666666666667,8,23,25,23,1,1,0,0,0,0,0,0,0,0,0,0,1,1,0,0,0,1,0,1,0,0,0,0,0,0,0,0,1,0,0,1,"wolf",NA
2,"detect-wolf","","33","Male","","629f6cdcdd0bad48b3f03f1a",7.93333333333333,2023-04-25,"04/25/2023",3,2,"low","Extremely",2.66666666666667,5,9,13,10,0,0,1,1,0,1,0,1,0,0,0,0,0,0,0,0,0,0,0,0,0,0,1,0,0,0,0,0,0,0,0,0,"wolf",NA
2,"detect-wolf","","33","Female","","63d3fa067fc761e289bd1920",11.75,2023-04-25,"04/25/2023",3,2,"low","Extremely",3.54166666666667,14,32,35,38,0,1,0,0,1,1,0,1,0,0,0,1,0,0,0,0,0,1,0,1,1,0,1,0,1,0,1,0,1,1,0,1,"wolf",NA
2,"detect-wolf","","33","Male","","5e0ec7e71d6b465f1884e2a6",10.0166666666667,2023-04-25,"04/25/2023",0,0,"low","Extremely",1.125,4,4,4,4,1,0,0,0,0,0,0,1,0,0,0,0,0,0,0,0,0,0,0,0,0,0,0,0,0,0,1,0,1,0,0,0,"wolf",NA
2,"detect-wolf","","30","Female","","60fd977c0b4741fefea230e1",8.4,2023-04-25,"04/25/2023",1,0,"low","Extremely",2.75,16,50,64,23,1,0,1,1,1,1,0,0,0,0,0,0,0,0,1,0,0,1,0,1,1,1,1,0,1,1,1,0,1,1,0,0,"wolf",NA
2,"detect-wolf","","36","Male","","62e1ede63f23cc2eb6170242",5.4,2023-04-25,"04/25/2023",4,7,"low","Extremely",1.45833333333333,0,0,0,0,0,0,0,0,0,0,0,0,0,0,0,0,0,0,0,0,0,0,0,0,0,0,0,0,0,0,0,0,0,0,0,0,"wolf",NA
2,"detect-wolf","","49","Female","","5af5262f1b55800001f4a418",6.66666666666667,2023-04-25,"04/25/2023",0,1,"low","Extremely",4,0,0,0,0,0,0,0,0,0,0,0,0,0,0,0,0,0,0,0,0,0,0,0,0,0,0,0,0,0,0,0,0,0,0,0,0,"wolf",NA
2,"detect-wolf","","30","Male","","5a2dc611390d120001c70ac2",9.5,2023-04-25,"04/25/2023",0,0,"low","Extremely",1.95833333333333,0,0,0,0,0,0,0,0,0,0,0,0,0,0,0,0,0,0,0,0,0,0,0,0,0,0,0,0,0,0,0,0,0,0,0,0,"wolf",NA
2,"detect-wolf","","22","Male","","5f107aa051372032695c8e2f",10.2166666666667,2023-04-25,"04/25/2023",0,0,"low","Extremely",1.70833333333333,7,9,15,10,0,0,0,0,0,0,0,0,0,0,0,0,0,0,0,0,0,1,0,1,0,1,1,0,0,1,0,0,1,0,0,1,"wolf",NA
2,"detect-wolf","","38","Male","","62f55b431a8434d459748de2",8.65,2023-04-25,"04/25/2023",6,4,"low","Extremely",3.20833333333333,0,0,0,0,0,0,0,0,0,0,0,0,0,0,0,0,0,0,0,0,0,0,0,0,0,0,0,0,0,0,0,0,0,0,0,0,"wolf",NA
2,"detect-wolf","","29","Female","","5fa0c5fd48882001b472ddf5",10.4166666666667,2023-04-25,"04/25/2023",0,0,"low","Extremely",1,6,16,16,12,1,0,0,1,0,0,0,0,1,1,0,0,0,0,0,0,0,1,0,1,0,0,0,0,0,0,0,0,0,0,0,0,"wolf",NA
2,"detect-wolf","","29","Male","","60fe47b274576eb477b06e6d",8.96666666666667,2023-04-25,"04/25/2023",1,0,"low","Extremely",3.70833333333333,11,46,35,34,1,0,0,0,1,0,0,0,1,0,0,0,0,1,0,1,0,0,0,1,0,1,1,1,0,0,1,0,0,1,0,0,"wolf",NA
2,"detect-wolf","","37","Female","","5c46353e11509900018e24b4",10.8333333333333,2023-04-25,"04/25/2023",5,0,"low","Extremely",1.83333333333333,16,51,58,36,1,0,0,1,0,1,0,1,0,0,0,1,0,1,0,0,0,1,0,1,1,1,1,0,1,0,1,0,1,1,0,1,"wolf",NA
2,"detect-wolf","","25","Male","","63614cab87b22b72231c66e0",9.73333333333333,2023-04-25,"04/25/2023",6,0,"low","Extremely",3.125,3,3,3,6,1,0,0,0,0,0,0,0,0,0,0,0,0,0,0,0,0,0,0,0,0,0,1,0,1,0,0,0,0,0,0,0,"wolf",NA
2,"detect-wolf","","27","Male","","62d39a47594b3446ba0c1585",20.3666666666667,2023-04-25,"04/25/2023",4,3,"low","Extremely",1.66666666666667,0,0,0,0,0,0,0,0,0,0,0,0,0,0,0,0,0,0,0,0,0,0,0,0,0,0,0,0,0,0,0,0,0,0,0,0,"wolf",NA
2,"detect-wolf","","20","Female","","612469aab25fc8fbecfd8d2d",8.81666666666667,2023-04-25,"04/25/2023",3,0,"low","Extremely",2.25,6,25,20,19,0,1,0,0,1,0,0,0,0,0,0,0,0,0,1,0,0,0,0,1,1,0,1,0,0,0,0,0,0,0,0,0,"wolf",NA
2,"detect-wolf","","55","Female","","60859f820e5009a67adb3921",3.93333333333333,2023-04-25,"04/25/2023",0,0,"low","Extremely",2.125,0,0,0,0,0,0,0,0,0,0,0,0,0,0,0,0,0,0,0,0,0,0,0,0,0,0,0,0,0,0,0,0,0,0,0,0,"wolf",NA
2,"detect-wolf","","41","Male","","5f1b84872171f838a8a3cfa9",14.95,2023-04-25,"04/25/2023",4,3,"low","Extremely",1.66666666666667,1,2,2,3,0,0,0,0,0,0,0,0,0,0,0,0,0,0,0,0,0,0,0,0,0,0,1,0,0,0,0,0,0,0,0,0,"wolf",NA
2,"detect-wolf","","48","Female","","5d230365b7ca9a00017d8919",26.2833333333333,2023-04-25,"04/25/2023",5,4,"low","Extremely",4.25,12,35,52,33,1,1,0,1,1,1,0,1,0,1,0,1,0,0,0,0,0,1,0,1,0,0,1,0,0,0,0,0,0,0,0,1,"wolf",NA
2,"detect-wolf","","50","Female","","6390fd9157f0dc14e247a0d6",9.28333333333333,2023-04-25,"04/25/2023",1,8,"low","Extremely",2.91666666666667,2,6,6,4,0,0,1,0,1,0,0,0,0,0,0,0,0,0,0,0,0,0,0,0,0,0,0,0,0,0,0,0,0,0,0,0,"wolf",NA
2,"detect-wolf","","42","Male","","5e8f945fe502b12914ae7600",10.7666666666667,2023-04-25,"04/25/2023",0,0,"low","Extremely",2.29166666666667,0,0,0,0,0,0,0,0,0,0,0,0,0,0,0,0,0,0,0,0,0,0,0,0,0,0,0,0,0,0,0,0,0,0,0,0,"wolf",NA
2,"detect-wolf","","33","Female","","600b64930251181b379091fa",13,2023-04-25,"04/25/2023",4,8,"low","Extremely",1.41666666666667,8,18,19,15,1,1,0,0,0,1,0,1,0,0,0,1,1,0,0,0,0,0,0,0,0,0,1,0,0,0,0,0,0,0,0,1,"wolf",NA
2,"detect-wolf","","41","Female","","605cd1b167207b8209b39fee",7.36666666666667,2023-04-25,"04/25/2023",0,0,"low","Extremely",1.33333333333333,6,13,15,13,1,0,0,0,0,0,0,1,0,0,0,0,0,0,1,0,1,0,0,1,0,0,1,0,0,0,0,0,0,0,0,0,"wolf",NA
2,"detect-wolf","","27","Male","","601d69a993d94008fb2b25dc",10.5666666666667,2023-04-25,"04/25/2023",0,0,"low","Extremely",2.375,0,0,0,0,0,0,0,0,0,0,0,0,0,0,0,0,0,0,0,0,0,0,0,0,0,0,0,0,0,0,0,0,0,0,0,0,"wolf",NA
2,"detect-wolf","","36","Male","","60cb3c4b9454f7a196355088",12.3666666666667,2023-04-25,"04/25/2023",0,1,"low","Extremely",3.54166666666667,6,13,13,14,1,1,0,0,0,0,0,0,0,0,0,1,0,0,0,0,0,0,0,1,1,0,1,0,0,0,0,0,0,0,0,0,"wolf",NA
2,"detect-wolf","","38","Female","","5d89a31c43734d0001b6a706",6.7,2023-04-25,"04/25/2023",16,10,"low","Extremely",2.33333333333333,0,0,0,0,0,0,0,0,0,0,0,0,0,0,0,0,0,0,0,0,0,0,0,0,0,0,0,0,0,0,0,0,0,0,0,0,"wolf",NA
2,"detect-wolf","","24","Prefer not to say","","63ced5ba289fa7af427c3740",8.58333333333333,2023-04-25,"04/25/2023",14,9,"low","Extremely",3.625,3,10,10,10,0,0,0,1,0,1,0,1,0,0,0,0,0,0,0,0,0,0,0,0,0,0,0,0,0,0,0,0,0,0,0,0,"wolf",NA
2,"detect-wolf","","41","Female","","57d1d04593d4400001cdc0db",13.1,2023-04-25,"04/25/2023",10,2,"low","Extremely",2.125,1,3,3,1,0,0,0,0,0,0,0,0,0,0,0,0,0,0,0,0,0,0,0,1,0,0,0,0,0,0,0,0,0,0,0,0,"wolf",NA
2,"detect-wolf","","23","Female","","616202f3ca5b3ab47923ee80",14.8333333333333,2023-04-25,"04/25/2023",4,1,"low","Extremely",2.29166666666667,0,0,0,0,0,0,0,0,0,0,0,0,0,0,0,0,0,0,0,0,0,0,0,0,0,0,0,0,0,0,0,0,0,0,0,0,"wolf",NA
2,"detect-wolf","","51","Male","","5eb074c7e612c1129942044c",13.0666666666667,2023-04-25,"04/25/2023",0,0,"low","Extremely",1.16666666666667,0,0,0,0,0,0,0,0,0,0,0,0,0,0,0,0,0,0,0,0,0,0,0,0,0,0,0,0,0,0,0,0,0,0,0,0,"wolf",NA
2,"detect-wolf","","31","Male","","5f9a25f467c68d13eaa9cc5c",8,2023-04-25,"04/25/2023",0,0,"low","Extremely",2.83333333333333,5,11,12,7,0,0,0,1,1,0,0,1,0,0,0,0,0,1,0,0,0,0,0,1,0,0,0,0,0,0,0,0,0,0,0,0,"wolf",NA
2,"detect-wolf","","35","Female","","5eaf76ae6665cc671414ab73",15.55,2023-04-25,"04/25/2023",0,0,"low","Extremely",2.04166666666667,0,0,0,0,0,0,0,0,0,0,0,0,0,0,0,0,0,0,0,0,0,0,0,0,0,0,0,0,0,0,0,0,0,0,0,0,"wolf",NA
2,"detect-wolf","","25","Male","","5eae37af3ac6885048af8db3",13.1833333333333,2023-04-25,"04/25/2023",9,0,"low","Extremely",2.83333333333333,3,7,5,4,0,1,0,0,0,1,0,0,0,0,0,0,0,0,0,0,0,0,0,0,0,0,1,0,0,0,0,0,0,0,0,0,"wolf",NA
2,"detect-wolf","","36","Male","","614c1267826bcb89bd92e726",20.2333333333333,2023-04-25,"04/25/2023",6,0,"low","Extremely",2,0,0,0,0,0,0,0,0,0,0,0,0,0,0,0,0,0,0,0,0,0,0,0,0,0,0,0,0,0,0,0,0,0,0,0,0,"wolf",NA
2,"detect-wolf","","27","Male","","5d7fb79ff44487001807463e",11.0833333333333,2023-04-25,"04/25/2023",1,0,"low","Extremely",1.75,11,15,17,13,1,0,0,1,1,0,0,0,1,0,0,0,0,0,0,0,1,1,0,1,1,0,0,0,1,0,1,0,0,0,0,1,"wolf",NA
2,"detect-wolf","","27","Male","","5ce753de5434fd001b47e9fc",14.5166666666667,2023-04-25,"04/25/2023",8,3,"low","Extremely",2.54166666666667,10,15,22,19,0,1,1,1,1,0,0,1,0,0,0,1,0,1,0,0,1,0,0,0,1,0,1,0,0,0,0,0,0,0,0,0,"wolf",NA
2,"detect-wolf","","38","Male","","5fd53e2d08163d37f7cb72f6",9.43333333333333,2023-04-25,"04/25/2023",2,0,"low","Extremely",2.375,0,0,0,0,0,0,0,0,0,0,0,0,0,0,0,0,0,0,0,0,0,0,0,0,0,0,0,0,0,0,0,0,0,0,0,0,"wolf",NA
2,"detect-wolf","","47","Female","","5c4c7a1a9446be00017e6b4a",13.9833333333333,2023-04-25,"04/25/2023",12,29,"high","Extremely",3.41666666666667,7,19,22,14,0,1,0,0,0,0,0,0,0,0,0,0,0,0,0,0,0,1,0,0,1,0,0,0,0,0,1,0,1,0,1,1,"wolf",NA
2,"detect-wolf","","39","Male","","56d0f57421cd29000a9737e4",8.68333333333333,2023-04-25,"04/25/2023",0,0,"low","Extremely",2.66666666666667,7,9,14,7,0,0,0,0,0,0,0,0,0,0,0,0,0,0,0,0,0,1,0,1,1,0,1,0,1,0,0,0,1,1,0,0,"wolf",NA
2,"detect-wolf","","30","Male","","5f888877136ad50208b48b47",4.88333333333333,2023-04-25,"04/25/2023",17,15,"high","Extremely",3.125,11,26,27,23,1,0,0,0,1,0,0,0,1,1,0,1,0,0,1,1,1,0,0,0,0,1,1,0,0,0,0,0,1,0,0,0,"wolf",NA
2,"detect-wolf","","48","Male","","5d57f9cdedef630016280505",6.83333333333333,2023-04-25,"04/25/2023",0,0,"low","Extremely",3.70833333333333,0,0,0,0,0,0,0,0,0,0,0,0,0,0,0,0,0,0,0,0,0,0,0,0,0,0,0,0,0,0,0,0,0,0,0,0,"wolf",NA
2,"detect-wolf","","22","Female","","5ddaa1e583e309a04100bd57",9.16666666666667,2023-04-25,"04/25/2023",0,0,"low","Extremely",3.5,8,21,30,19,0,0,1,0,1,0,1,0,0,0,0,0,0,0,0,0,1,0,0,0,0,1,0,0,0,1,1,0,0,0,1,0,"wolf",NA
2,"detect-wolf","","33","Male","","5feffaf65312ca38b5f63206",7.98333333333333,2023-04-25,"04/25/2023",2,10,"low","Extremely",3.25,2,4,4,3,0,0,0,1,0,0,0,0,0,0,0,0,0,0,0,0,0,0,0,0,0,1,0,0,0,0,0,0,0,0,0,0,"wolf",NA
3,"detect-sheep","","33","Female","","5caa7f8c0d95570013d82f2f",4.15,2023-05-29,"05/29/2023",0,0,"low","Extremely",2.66666666666667,0,0,0,0,0,0,0,0,0,0,0,0,0,0,0,0,0,0,0,0,0,0,0,0,0,0,0,0,0,0,0,0,0,0,0,0,"sheep",NA
3,"detect-sheep","","27","Female","","615b462618d466d70b62a834",6.76666666666667,2023-05-29,"05/29/2023",7,2,"low","Extremely",2.41666666666667,2,4,6,4,0,0,0,0,0,1,0,1,0,0,0,0,0,0,0,0,0,0,0,0,0,0,0,0,0,0,0,0,0,0,0,0,"sheep",NA
3,"detect-sheep","","26","Male","","5da7c6ecd11d560015a3d1da",6.35,2023-06-03,"06/03/2023",1,4,"low","Extremely",3.45833333333333,19,58,82,61,1,0,1,0,0,1,1,0,1,1,1,0,1,1,0,1,1,0,1,1,0,1,1,1,1,0,1,0,1,0,0,0,"sheep",NA
3,"detect-sheep","","37","Female","","611724d35eae5cc94e9f128e",7.88333333333333,2023-06-03,"06/03/2023",0,0,"low","Extremely",3.20833333333333,4,9,5,5,1,0,0,0,1,0,0,0,0,0,0,0,0,0,0,0,0,1,0,1,0,0,0,0,0,0,0,0,0,0,0,0,"sheep",NA
3,"detect-sheep","","26","Male","","630102bacc9d426e421b6a8a",9.48333333333333,2023-06-03,"06/03/2023",26,15,"high","Extremely",1.83333333333333,5,7,5,7,0,0,0,0,1,1,0,0,0,0,0,0,0,0,0,0,0,0,0,0,1,0,1,0,0,0,0,0,0,1,0,0,"sheep",NA
3,"detect-sheep","","26","Female","","61006f43a84b82fb439d7cba",8.55,2023-06-03,"06/03/2023",8,5,"low","Extremely",3.58333333333333,0,0,0,0,0,0,0,0,0,0,0,0,0,0,0,0,0,0,0,0,0,0,0,0,0,0,0,0,0,0,0,0,0,0,0,0,"sheep",NA
3,"detect-sheep","","22","Female","","5f406b7ae388cd1ad1d144cf",11.6166666666667,2023-06-03,"06/03/2023",12,6,"low","Extremely",2.70833333333333,7,24,23,25,0,0,0,0,0,0,0,0,0,0,0,0,0,1,1,0,0,0,0,0,1,1,1,0,1,0,1,0,0,0,0,0,"sheep",NA
3,"detect-sheep","","47","Female","","5a68c8ec63394a000155cbb9",5.98333333333333,2023-06-03,"06/03/2023",0,0,"low","Extremely",2.45833333333333,1,1,1,2,0,0,0,0,0,0,0,1,0,0,0,0,0,0,0,0,0,0,0,0,0,0,0,0,0,0,0,0,0,0,0,0,"sheep",NA
3,"detect-sheep","","34","Male","","5d254db8bb2e30001933fe36",9.01666666666667,2023-06-03,"06/03/2023",0,0,"low","Extremely",3,0,0,0,0,0,0,0,0,0,0,0,0,0,0,0,0,0,0,0,0,0,0,0,0,0,0,0,0,0,0,0,0,0,0,0,0,"sheep",NA
3,"detect-sheep","","37","Female","","5d825b67d27dc700019110ac",10.6333333333333,2023-06-03,"06/03/2023",9,12,"high","Extremely",2.79166666666667,2,5,5,4,0,0,1,0,0,0,0,0,0,0,0,0,0,0,0,0,0,0,0,0,0,0,0,0,0,0,1,0,0,0,0,0,"sheep",NA
3,"detect-sheep","","28","Male","","63bc72e1171fb0c2103c571f",6.83333333333333,2023-06-03,"06/03/2023",1,0,"low","Extremely",2.70833333333333,8,27,27,24,0,1,0,0,1,1,0,0,1,0,0,0,0,0,0,0,1,0,0,1,0,1,1,0,0,0,0,0,0,0,0,0,"sheep",NA
3,"detect-sheep","","21","Male","","604c43026c4192103feff6e7",6.2,2023-06-03,"06/03/2023",8,0,"low","Extremely",1.625,3,4,5,3,0,0,0,1,0,0,0,0,0,0,0,1,0,1,0,0,0,0,0,0,0,0,0,0,0,0,0,0,0,0,0,0,"sheep",NA
3,"detect-sheep","","21","Female","","62bf234d622ba94e5dfdb997",12.9,2023-06-03,"06/03/2023",3,3,"low","Extremely",2.125,3,6,7,8,1,0,0,0,0,0,0,0,0,0,0,0,0,0,0,0,0,0,0,1,0,0,0,0,0,0,0,0,0,1,0,0,"sheep",NA
3,"detect-sheep","","44","Female","","60fcec18d6375fa348df55f8",9.6,2023-06-03,"06/03/2023",0,1,"low","Extremely",2.79166666666667,2,2,4,2,0,0,0,0,0,0,0,0,0,0,0,0,0,0,0,0,0,1,0,1,0,0,0,0,0,0,0,0,0,0,0,0,"sheep",NA
3,"detect-sheep","","51","Male","","63ac642d0319ac77a16ce1bc",18.2833333333333,2023-06-03,"06/03/2023",4,4,"low","Extremely",2.875,6,17,17,17,1,0,0,0,1,0,0,0,0,0,0,0,0,0,1,1,1,0,0,0,0,0,0,0,0,0,1,0,0,0,0,0,"sheep",NA
3,"detect-sheep","","44","Female","","55a55bd7fdf99b790558627c",6.78333333333333,2023-06-03,"06/03/2023",0,0,"low","Extremely",2.125,11,24,24,25,0,0,0,0,1,1,0,1,0,0,0,0,0,1,0,0,0,1,0,1,1,0,0,0,1,0,1,0,1,1,0,0,"sheep",NA
3,"detect-sheep","","36","Male","","6085bb66296b0a411198d8fd",6.66666666666667,2023-06-03,"06/03/2023",6,15,"high","Extremely",2.04166666666667,2,6,5,4,0,0,1,0,0,0,0,0,0,0,0,0,0,0,0,0,0,0,0,0,0,1,0,0,0,0,0,0,0,0,0,0,"sheep",NA
3,"detect-sheep","","21","Female","","61592ea07347e286bca1955f",7.58333333333333,2023-06-03,"06/03/2023",2,0,"low","Extremely",2.70833333333333,2,4,5,2,0,0,0,1,1,0,0,0,0,0,0,0,0,0,0,0,0,0,0,0,0,0,0,0,0,0,0,0,0,0,0,0,"sheep",NA
3,"detect-sheep","","29","Prefer not to say","","5f164c691048dd1e3a98b039",9.55,2023-06-03,"06/03/2023",5,0,"low","Extremely",2.45833333333333,9,26,21,23,0,1,0,1,0,1,0,0,0,0,0,1,0,0,0,0,0,0,0,0,0,0,1,0,0,0,1,1,1,1,0,0,"sheep",NA
3,"detect-sheep","","44","Male","","6075ff702ca9dd94767cca11",9.05,2023-06-03,"06/03/2023",1,1,"low","Extremely",2.54166666666667,0,0,0,0,0,0,0,0,0,0,0,0,0,0,0,0,0,0,0,0,0,0,0,0,0,0,0,0,0,0,0,0,0,0,0,0,"sheep",NA
3,"detect-sheep","","25","Female","","61082741787528dfa6230b5a",5.11666666666667,2023-06-03,"06/03/2023",2,0,"low","Extremely",3.29166666666667,3,4,6,6,0,0,1,0,0,0,0,0,0,0,0,0,0,1,0,0,0,0,0,0,0,1,0,0,0,0,0,0,0,0,0,0,"sheep",NA
3,"detect-sheep","","31","Female","","615d051e2366aeb051acb734",6.38333333333333,2023-06-03,"06/03/2023",0,0,"low","Extremely",1.5,0,0,0,0,0,0,0,0,0,0,0,0,0,0,0,0,0,0,0,0,0,0,0,0,0,0,0,0,0,0,0,0,0,0,0,0,"sheep",NA
3,"detect-sheep","","28","Male","","5f2dc963ab23860f5d5dc4d9",5.98333333333333,2023-06-03,"06/03/2023",4,0,"low","Extremely",3.125,8,8,8,18,1,0,1,1,0,1,1,0,0,0,0,0,0,0,0,0,0,0,0,1,0,0,1,0,0,0,1,0,0,0,0,0,"sheep",NA
3,"detect-sheep","","23","Male","","5f10e4279df7fd42944120f3",6.8,2023-06-03,"06/03/2023",0,0,"low","Extremely",1.875,0,0,0,0,0,0,0,0,0,0,0,0,0,0,0,0,0,0,0,0,0,0,0,0,0,0,0,0,0,0,0,0,0,0,0,0,"sheep",NA
3,"detect-sheep","","47","Male","","57d810f1813eb30001825b65",5.98333333333333,2023-06-03,"06/03/2023",0,0,"low","Extremely",2.29166666666667,0,0,0,0,0,0,0,0,0,0,0,0,0,0,0,0,0,0,0,0,0,0,0,0,0,0,0,0,0,0,0,0,0,0,0,0,"sheep",NA
3,"detect-sheep","","50","Male","","62826c623ccb1473a22cc955",10.2333333333333,2023-06-03,"06/03/2023",17,24,"high","Extremely",2.16666666666667,22,78,82,56,1,1,1,1,1,1,0,1,0,0,0,1,0,1,0,0,1,1,0,1,1,1,1,1,1,0,1,0,1,1,1,1,"sheep",NA
3,"detect-sheep","","31","Female","","5c3260a97b740900011f5e26",9.93333333333333,2023-06-03,"06/03/2023",14,2,"low","Extremely",3.20833333333333,4,11,10,7,1,0,0,0,0,0,0,0,0,0,0,0,0,0,0,0,0,1,0,0,0,1,1,0,0,0,0,0,0,0,0,0,"sheep",NA
3,"detect-sheep","","23","Male","","6312c7a256366f293e745218",2.73333333333333,2023-06-03,"06/03/2023",1,0,"low","Extremely",3.91666666666667,0,0,0,0,0,0,0,0,0,0,0,0,0,0,0,0,0,0,0,0,0,0,0,0,0,0,0,0,0,0,0,0,0,0,0,0,"sheep",NA
3,"detect-sheep","","49","Female","","5de9ce848b29320fd922c587",9.45,2023-06-03,"06/03/2023",23,23,"high","Extremely",2.875,4,13,12,11,1,0,0,0,0,1,0,0,0,0,0,0,0,0,1,0,0,0,0,0,0,0,0,0,0,0,0,0,0,0,0,1,"sheep",NA
3,"detect-sheep","","26","Male","","5ec21a32769446521c747ddd",8.38333333333333,2023-06-03,"06/03/2023",16,19,"high","Extremely",2.70833333333333,8,20,16,17,0,1,1,0,1,1,0,0,0,0,0,0,0,1,1,0,0,0,0,0,0,0,0,0,0,0,0,0,0,1,0,1,"sheep",NA
3,"detect-sheep","","26","Male","","5eea49c09e6f8711b4cdf3bb",7.81666666666667,2023-06-03,"06/03/2023",17,0,"low","Extremely",2.58333333333333,4,10,14,9,0,0,0,0,0,1,0,0,0,0,0,0,0,0,1,0,0,1,0,0,0,0,0,1,0,0,0,0,0,0,0,0,"sheep",NA
3,"detect-sheep","","20","Male","","628546cf676f491dbaf8fad7",5.01666666666667,2023-06-03,"06/03/2023",0,0,"low","Extremely",3,0,0,0,0,0,0,0,0,0,0,0,0,0,0,0,0,0,0,0,0,0,0,0,0,0,0,0,0,0,0,0,0,0,0,0,0,"sheep",NA
3,"detect-sheep","","47","Male","","5b745fb794c93d00010fc4c6",9.2,2023-06-03,"06/03/2023",1,1,"low","Extremely",2.04166666666667,0,0,0,0,0,0,0,0,0,0,0,0,0,0,0,0,0,0,0,0,0,0,0,0,0,0,0,0,0,0,0,0,0,0,0,0,"sheep",NA
3,"detect-sheep","","34","Male","","5d474d1fab2d280015bb0110",4.51666666666667,2023-06-03,"06/03/2023",4,1,"low","Extremely",2.33333333333333,2,2,2,2,0,1,0,1,0,0,0,0,0,0,0,0,0,0,0,0,0,0,0,0,0,0,0,0,0,0,0,0,0,0,0,0,"sheep",NA
3,"detect-sheep","","20","Male","","611208e8d4ab54df137ab05a",5.25,2023-06-03,"06/03/2023",5,0,"low","Extremely",3.125,6,12,12,14,0,1,1,0,0,0,1,1,0,0,1,0,0,0,0,0,0,0,0,0,0,0,0,1,0,0,0,0,0,0,0,0,"sheep",NA
3,"detect-sheep","","32","Female","","60b49cb1dc5470789edd23fe",5.4,2023-06-03,"06/03/2023",16,25,"high","Extremely",2.75,3,8,7,4,0,0,0,0,0,0,0,0,0,0,0,0,0,0,0,0,0,0,1,1,0,0,1,0,0,0,0,0,0,0,0,0,"sheep",NA
3,"detect-sheep","","30","Female","","6319fe94b95ac2abc796fbe7",13.4166666666667,2023-06-03,"06/03/2023",11,24,"high","Extremely",2.95833333333333,0,0,0,0,0,0,0,0,0,0,0,0,0,0,0,0,0,0,0,0,0,0,0,0,0,0,0,0,0,0,0,0,0,0,0,0,"sheep",NA
3,"detect-sheep","","21","Female","","60fd88d11a5511e3cf67c05e",9.85,2023-06-03,"06/03/2023",21,3,"low","Extremely",2.83333333333333,4,13,14,10,1,0,0,0,0,0,0,0,0,0,0,0,0,0,1,0,0,0,0,1,1,0,0,0,0,0,0,0,0,0,0,0,"sheep",NA
3,"detect-sheep","","39","Male","","5c1bc0ab84ff14000184c2ce",8.93333333333333,2023-06-03,"06/03/2023",6,2,"low","Extremely",3.33333333333333,3,7,7,5,1,0,0,0,1,0,0,1,0,0,0,0,0,0,0,0,0,0,0,0,0,0,0,0,0,0,0,0,0,0,0,0,"sheep",NA
3,"detect-sheep","","23","Male","","61047c3dca663c4fc6d590e1",7.73333333333333,2023-06-03,"06/03/2023",6,8,"low","Extremely",3.66666666666667,7,23,26,20,1,0,0,1,1,1,0,1,0,0,0,0,0,0,0,0,0,0,0,0,0,0,0,0,0,0,0,0,0,0,1,1,"sheep",NA
3,"detect-sheep","","24","Female","","60ff1675f00a765cb05017e8",16.4166666666667,2023-06-03,"06/03/2023",0,0,"low","Extremely",2.25,2,4,6,4,0,0,0,0,1,1,0,0,0,0,0,0,0,0,0,0,0,0,0,0,0,0,0,0,0,0,0,0,0,0,0,0,"sheep",NA
3,"detect-sheep","","50","Female","","64456b6793e2554112c23b01",15.9333333333333,2023-06-03,"06/03/2023",10,1,"low","Extremely",3.45833333333333,0,0,0,0,0,0,0,0,0,0,0,0,0,0,0,0,0,0,0,0,0,0,0,0,0,0,0,0,0,0,0,0,0,0,0,0,"sheep",NA
3,"detect-sheep","","26","Female","","60ff1633f27078b103ad25d8",8.58333333333333,2023-06-03,"06/03/2023",2,0,"low","Extremely",3.25,5,14,10,11,1,0,1,0,1,0,0,0,0,0,0,0,0,0,0,0,0,0,0,1,0,0,0,1,0,0,0,0,0,0,0,0,"sheep",NA
3,"detect-sheep","","35","Male","","6123ffd66668fe39928e28b0",6.61666666666667,2023-06-03,"06/03/2023",11,4,"low","Extremely",2.75,6,14,17,6,0,0,0,0,0,1,1,0,0,0,0,0,0,0,0,0,0,0,0,1,1,0,0,0,0,0,1,0,0,1,0,0,"sheep",NA
3,"detect-sheep","","22","Male","","5f4ad4dade24ea6a79e7f3a5",9.63333333333333,2023-06-03,"06/03/2023",1,0,"low","Extremely",3,2,4,8,5,0,0,1,0,0,0,0,0,0,0,0,0,0,0,1,0,0,0,0,0,0,0,0,0,0,0,0,0,0,0,0,0,"sheep",NA
3,"detect-sheep","","30","Female","","559e664dfdf99b4f28173b05",24.9333333333333,2023-06-03,"06/03/2023",20,32,"high","Extremely",2.625,25,99,96,93,1,1,1,1,1,1,0,1,1,0,0,0,0,1,1,1,1,1,1,1,1,1,1,0,1,1,1,0,1,1,1,1,"sheep",NA
3,"detect-sheep","","41","Male","","6094a41f36a19091aa12d460",8.3,2023-06-03,"06/03/2023",3,3,"low","Extremely",2.625,0,0,0,0,0,0,0,0,0,0,0,0,0,0,0,0,0,0,0,0,0,0,0,0,0,0,0,0,0,0,0,0,0,0,0,0,"sheep",NA
3,"detect-sheep","","23","Male","","640116c8ac12a41ff02a9a2d",5.73333333333333,2023-06-03,"06/03/2023",7,2,"low","Extremely",1.16666666666667,3,11,14,12,1,0,1,0,0,0,0,0,0,0,0,0,0,0,1,0,0,0,0,0,0,0,0,0,0,0,0,0,0,0,0,0,"sheep",NA
3,"detect-sheep","","37","Male","","60cbe4524cab3b049343d0bd",17.95,2023-06-03,"06/03/2023",16,36,"high","Extremely",2.70833333333333,15,38,49,53,0,1,1,1,1,0,1,0,1,1,1,0,0,0,0,0,0,0,1,1,0,1,0,0,0,1,1,1,0,0,1,0,"sheep",NA
3,"detect-sheep","","43","Female","","5d6413bc6512d700159fb0e1",14.8,2023-06-03,"06/03/2023",15,25,"high","Extremely",2.70833333333333,25,82,89,68,1,1,0,1,1,1,0,1,0,1,1,1,1,1,1,1,0,1,0,1,1,0,1,0,1,1,1,1,1,1,1,1,"sheep",NA
3,"detect-sheep","","48","Female","","643f3081dddcb68c1844599e",19.55,2023-06-03,"06/03/2023",7,3,"low","Extremely",1.83333333333333,4,10,9,5,0,0,0,0,0,0,0,0,0,0,0,0,0,0,0,1,0,0,0,0,0,0,1,0,0,0,1,0,0,1,0,0,"sheep",NA
3,"detect-sheep","","26","Male","","63ea7e60bdd3090eb4b0dcc5",13.15,2023-06-03,"06/03/2023",1,0,"low","Extremely",2,10,13,22,17,0,0,0,1,0,0,0,1,0,0,0,0,0,0,0,0,0,1,0,0,1,1,0,0,1,0,1,0,1,1,0,1,"sheep",NA
3,"detect-sheep","","21","Male","","63034df51d918e1e3b97e5ce",30.1166666666667,2023-06-03,"06/03/2023",9,8,"low","Extremely",2.29166666666667,0,0,0,0,0,0,0,0,0,0,0,0,0,0,0,0,0,0,0,0,0,0,0,0,0,0,0,0,0,0,0,0,0,0,0,0,"sheep",NA
3,"detect-sheep","","27","Female","","60ff4536071a85010e1e203c",16.7333333333333,2023-06-03,"06/03/2023",5,2,"low","Extremely",2.41666666666667,10,29,26,29,1,0,0,1,1,0,0,0,0,1,0,0,0,0,1,0,0,1,0,1,0,1,1,0,0,0,1,0,0,0,0,0,"sheep",NA
3,"detect-sheep","","28","Female","","6138c06bd7d7f2b7720e7a27",4.93333333333333,2023-06-03,"06/03/2023",15,24,"high","Extremely",3.20833333333333,15,49,41,48,0,0,1,0,1,0,1,1,0,0,1,0,1,0,1,0,0,0,0,0,1,0,1,0,1,0,0,1,1,1,1,1,"sheep",NA
3,"detect-sheep","","20","Female","","61088e3a03f5da7bc499999c",9.56666666666667,2023-06-03,"06/03/2023",1,1,"low","Extremely",4.08333333333333,12,25,30,36,0,1,0,1,0,1,1,1,0,0,0,0,0,0,1,0,1,0,0,0,0,1,1,1,0,0,1,0,0,0,0,1,"sheep",NA
3,"detect-sheep","","22","Female","","5abc50b2f69e940001d92a87",6.31666666666667,2023-06-03,"06/03/2023",2,3,"low","Extremely",1.83333333333333,1,1,2,1,0,0,0,0,0,0,0,0,0,0,0,0,0,0,0,0,0,0,0,0,0,0,0,0,0,1,0,0,0,0,0,0,"sheep",NA
3,"detect-sheep","","53","Female","","5d4c78071b920f00198e8533",6.66666666666667,2023-06-03,"06/03/2023",0,0,"low","Extremely",3.29166666666667,10,20,20,20,1,1,0,1,1,1,0,1,0,0,0,0,0,0,0,0,0,1,0,0,1,0,0,0,0,0,0,0,1,1,0,0,"sheep",NA
3,"detect-sheep","","37","Female","","5a188836087f2e0001eaf744",5.13333333333333,2023-06-03,"06/03/2023",9,1,"low","Extremely",2.20833333333333,3,5,7,5,0,0,1,1,0,0,0,0,0,0,0,0,0,1,0,0,0,0,0,0,0,0,0,0,0,0,0,0,0,0,0,0,"sheep",NA
3,"detect-sheep","","35","Male","","5fa86899f519ba6f291dbf41",8,2023-06-03,"06/03/2023",1,0,"low","Extremely",2.375,1,2,3,2,0,0,0,0,1,0,0,0,0,0,0,0,0,0,0,0,0,0,0,0,0,0,0,0,0,0,0,0,0,0,0,0,"sheep",NA
3,"detect-sheep","","33","Female","","60db3b18bb1cd76fd466da0a",5.46666666666667,2023-06-03,"06/03/2023",18,16,"high","Extremely",5,0,0,0,0,0,0,0,0,0,0,0,0,0,0,0,0,0,0,0,0,0,0,0,0,0,0,0,0,0,0,0,0,0,0,0,0,"sheep",NA
3,"detect-sheep","","35","Male","","5d54beb0c15b0700018d0211",5.58333333333333,2023-06-03,"06/03/2023",3,3,"low","Extremely",2.66666666666667,0,0,0,0,0,0,0,0,0,0,0,0,0,0,0,0,0,0,0,0,0,0,0,0,0,0,0,0,0,0,0,0,0,0,0,0,"sheep",NA
3,"detect-sheep","","34","Male","","583492b3ef3ec1000175ee76",4.41666666666667,2023-06-03,"06/03/2023",2,0,"low","Extremely",1.45833333333333,0,0,0,0,0,0,0,0,0,0,0,0,0,0,0,0,0,0,0,0,0,0,0,0,0,0,0,0,0,0,0,0,0,0,0,0,"sheep",NA
3,"detect-sheep","","26","Female","","6105a3ab3439f5af30a3777b",7.83333333333333,2023-06-03,"06/03/2023",1,0,"low","Extremely",2.41666666666667,6,18,19,14,1,0,0,0,1,0,0,0,0,0,0,0,0,0,1,0,0,0,0,1,1,0,1,0,0,0,0,0,0,0,0,0,"sheep",NA
3,"detect-sheep","","48","Male","","60e28966da673808ced4b0d4",18.75,2023-06-03,"06/03/2023",12,9,"low","Extremely",3.375,15,38,38,33,1,1,1,0,0,0,0,1,0,0,0,0,0,1,1,0,0,1,0,1,1,1,1,0,1,0,0,0,1,1,0,1,"sheep",NA
3,"detect-sheep","","44","Male","","5de2b1568f5cd52ecc1b14b8",7.66666666666667,2023-06-03,"06/03/2023",0,0,"low","Extremely",2.79166666666667,3,4,8,3,0,0,0,0,0,0,0,1,0,0,0,0,0,1,0,0,0,0,0,0,0,0,0,0,0,0,0,0,0,1,0,0,"sheep",NA
3,"detect-sheep","","38","Male","","57d6b1718e00270001b430cc",19.8,2023-06-03,"06/03/2023",17,19,"high","Extremely",3.25,2,7,7,6,1,0,1,0,0,0,0,0,0,0,0,0,0,0,0,0,0,0,0,0,0,0,0,0,0,0,0,0,0,0,0,0,"sheep",NA
3,"detect-sheep","","45","Prefer not to say","","62e027478bb6dca099c2e207",5.3,2023-06-03,"06/03/2023",0,0,"low","Extremely",2.70833333333333,0,0,0,0,0,0,0,0,0,0,0,0,0,0,0,0,0,0,0,0,0,0,0,0,0,0,0,0,0,0,0,0,0,0,0,0,"sheep",NA
3,"detect-sheep","","54","Male","","62c345831d3aed7142af2c6f",5.55,2023-06-03,"06/03/2023",14,4,"low","Extremely",2.79166666666667,0,0,0,0,0,0,0,0,0,0,0,0,0,0,0,0,0,0,0,0,0,0,0,0,0,0,0,0,0,0,0,0,0,0,0,0,"sheep",NA
3,"detect-sheep","","30","Female","","614ee4370d85f20de1b9548f",5.93333333333333,2023-06-03,"06/03/2023",15,21,"high","Extremely",3.20833333333333,14,42,44,45,0,1,1,1,1,0,0,0,0,0,0,1,0,1,0,1,0,1,0,1,0,1,0,1,1,0,0,0,0,1,0,1,"sheep",NA
3,"detect-sheep","","44","Female","","61639cbb5ffec1a6b93b2334",9.93333333333333,2023-06-03,"06/03/2023",16,8,"low","Extremely",2.25,10,30,38,22,0,1,1,1,0,1,1,1,0,0,0,1,1,0,0,0,0,0,0,0,0,0,0,0,0,0,0,0,0,0,1,1,"sheep",NA
3,"detect-sheep","","23","Female","","610ec31b33de16c5167f3062",2.76666666666667,2023-06-03,"06/03/2023",2,0,"low","Extremely",3.45833333333333,0,0,0,0,0,0,0,0,0,0,0,0,0,0,0,0,0,0,0,0,0,0,0,0,0,0,0,0,0,0,0,0,0,0,0,0,"sheep",NA
3,"detect-sheep","","31","Female","","5b53cc31c09af90001f113d4",6.06666666666667,2023-06-03,"06/03/2023",21,6,"low","Extremely",1.79166666666667,0,0,0,0,0,0,0,0,0,0,0,0,0,0,0,0,0,0,0,0,0,0,0,0,0,0,0,0,0,0,0,0,0,0,0,0,"sheep",NA
3,"detect-sheep","","35","Male","","63d18647419ae52f5e141607",8.16666666666667,2023-06-03,"06/03/2023",1,1,"low","Extremely",1.125,15,32,31,26,1,1,0,1,0,0,0,1,0,1,0,0,0,1,1,1,0,1,0,0,1,1,1,0,1,0,1,0,0,1,0,0,"sheep",NA
3,"detect-sheep","","27","Female","","5a93bb216475f900019fa294",13.1,2023-06-03,"06/03/2023",8,5,"low","Extremely",4.04166666666667,8,10,21,17,0,0,0,0,0,1,0,1,0,0,0,0,0,0,0,0,0,1,0,1,0,0,1,0,0,0,1,0,1,0,0,1,"sheep",NA
3,"detect-sheep","","50","Female","","6466685f630eb8c3f8856e5e",17.5333333333333,2023-06-03,"06/03/2023",15,18,"high","Extremely",3.875,5,11,15,15,0,1,0,0,1,1,0,1,0,0,0,0,0,0,0,0,0,0,0,0,0,0,0,0,0,0,0,0,1,0,0,0,"sheep",NA
3,"detect-sheep","","23","Female","","5e45d387c6f686092ba3692f",11.2166666666667,2023-06-03,"06/03/2023",15,7,"low","Extremely",3.41666666666667,21,53,47,42,0,1,1,1,1,1,0,1,0,0,0,0,0,1,1,1,1,1,0,1,1,1,1,1,1,1,1,0,1,1,0,0,"sheep",NA
3,"detect-sheep","","CONSENT_REVOKED","CONSENT_REVOKED","","63222a1daf1fe6dcbc59b29a",9.46666666666667,2023-06-03,"06/03/2023",22,39,"high","Extremely",3.79166666666667,9,24,25,16,1,0,0,0,0,0,0,1,0,0,0,0,0,0,1,0,0,1,1,0,1,0,1,0,1,0,0,0,0,0,0,1,"sheep",NA
3,"detect-sheep","","47","Female","","63ea729bf9951e30282eaae6",9.2,2023-06-03,"06/03/2023",12,4,"low","Extremely",3.58333333333333,6,16,15,13,0,1,0,1,0,1,0,0,0,0,0,0,0,1,0,0,0,1,0,0,0,0,0,0,0,0,0,0,1,0,0,0,"sheep",NA
3,"detect-sheep","","23","Male","","63ea7487c993eddd00c8ab47",29.7333333333333,2023-06-03,"06/03/2023",0,0,"low","Extremely",2.54166666666667,8,18,12,22,1,1,1,0,1,1,0,1,0,0,0,0,0,1,0,0,0,0,0,1,0,0,0,0,0,0,0,0,0,0,0,0,"sheep",NA
3,"detect-sheep","","52","Female","","615212aaa4b41922e0765736",6.8,2023-06-03,"06/03/2023",0,0,"low","Extremely",3.20833333333333,0,0,0,0,0,0,0,0,0,0,0,0,0,0,0,0,0,0,0,0,0,0,0,0,0,0,0,0,0,0,0,0,0,0,0,0,"sheep",NA
3,"detect-sheep","","45","Female","","63e52993c11fdfd0698c6377",6.11666666666667,2023-06-03,"06/03/2023",6,0,"low","Extremely",3.04166666666667,0,0,0,0,0,0,0,0,0,0,0,0,0,0,0,0,0,0,0,0,0,0,0,0,0,0,0,0,0,0,0,0,0,0,0,0,"sheep",NA
3,"detect-sheep","","32","Male","","62c31fe0e178fc305009b718",8.86666666666667,2023-06-03,"06/03/2023",3,19,"high","Extremely",3.375,19,39,39,39,0,1,1,1,1,1,0,1,0,0,0,0,0,1,0,0,0,1,1,1,1,1,1,1,1,1,1,0,1,1,0,0,"sheep",NA
3,"detect-sheep","","30","Male","","628f0d7e3055b5d1887916c5",8.23333333333333,2023-06-03,"06/03/2023",0,0,"low","Extremely",2.54166666666667,0,0,0,0,0,0,0,0,0,0,0,0,0,0,0,0,0,0,0,0,0,0,0,0,0,0,0,0,0,0,0,0,0,0,0,0,"sheep",NA
3,"detect-sheep","","50","Female","","6103a2797b856b6e46c554e9",8.76666666666667,2023-06-03,"06/03/2023",1,0,"low","Extremely",1.70833333333333,0,0,0,0,0,0,0,0,0,0,0,0,0,0,0,0,0,0,0,0,0,0,0,0,0,0,0,0,0,0,0,0,0,0,0,0,"sheep",NA
3,"detect-sheep","","24","Female","","610790daf1b22d3c0f9faa02",8.8,2023-06-03,"06/03/2023",1,1,"low","Extremely",3.125,9,18,22,18,1,0,1,1,0,1,0,1,0,0,0,0,0,1,1,0,0,1,0,1,0,0,0,0,0,0,0,0,0,0,0,0,"sheep",NA
3,"detect-sheep","","40","Male","","63ea4730d677f800a8887ad6",8.96666666666667,2023-06-03,"06/03/2023",10,9,"low","Extremely",1.29166666666667,11,23,21,31,1,1,1,1,0,1,1,0,0,0,0,0,1,0,1,0,0,0,0,0,0,1,0,0,0,0,1,0,0,0,1,0,"sheep",NA
3,"detect-sheep","","55","Male","","63f13a4fe3a48956ba99d30f",7.4,2023-06-03,"06/03/2023",3,1,"low","Extremely",2.5,1,2,3,2,1,0,0,0,0,0,0,0,0,0,0,0,0,0,0,0,0,0,0,0,0,0,0,0,0,0,0,0,0,0,0,0,"sheep",NA
3,"detect-sheep","","CONSENT_REVOKED","CONSENT_REVOKED","","63222a1daf1fe6dcbc59b29a",9.23333333333333,2023-06-03,"06/03/2023",19,30,"high","Extremely",3.95833333333333,10,28,28,17,0,0,0,1,0,1,0,1,0,0,0,0,0,1,1,0,0,1,0,0,1,0,1,0,1,0,0,0,0,1,0,0,"sheep",NA
3,"detect-sheep","","23","Male","","62f17b6b63bd9e6627a19956",14.4333333333333,2023-06-03,"06/03/2023",7,5,"low","Extremely",2.58333333333333,11,32,26,31,1,0,1,1,0,0,0,1,0,0,1,0,0,0,0,1,0,0,0,0,1,1,0,0,1,1,1,0,0,0,0,0,"sheep",NA
3,"detect-sheep","","37","Female","","5fadd628cd4e9e1c42dab969",16.0666666666667,2023-06-03,"06/03/2023",4,1,"low","Extremely",2.20833333333333,6,18,18,15,1,0,0,0,0,0,0,0,0,0,0,1,0,0,0,0,1,0,0,1,1,0,0,0,0,0,0,0,1,0,0,0,"sheep",NA
3,"detect-sheep","","27","Female","","603ffdb484b47519b3e4cb49",10.8666666666667,2023-06-03,"06/03/2023",15,6,"low","Extremely",3.41666666666667,3,9,6,4,0,1,0,0,0,0,0,0,1,0,0,0,1,0,0,0,0,0,0,0,0,0,0,0,0,0,0,0,0,0,0,0,"sheep",NA
3,"detect-sheep","","22","Male","","5e2bf2153a9311222d4892c6",21.65,2023-06-03,"06/03/2023",3,2,"low","Extremely",4,0,0,0,0,0,0,0,0,0,0,0,0,0,0,0,0,0,0,0,0,0,0,0,0,0,0,0,0,0,0,0,0,0,0,0,0,"sheep",NA
3,"detect-sheep","","39","Male","","5ef42ba59401801d9f859e2d",8.41666666666667,2023-06-03,"06/03/2023",6,8,"low","Extremely",3.20833333333333,2,6,7,7,0,1,0,0,0,0,0,0,0,0,0,1,0,0,0,0,0,0,0,0,0,0,0,0,0,0,0,0,0,0,0,0,"sheep",NA
3,"detect-sheep","","31","Female","","587418895c17910001ea4e75",3.28333333333333,2023-06-03,"06/03/2023",2,0,"low","Extremely",3,1,2,2,1,1,0,0,0,0,0,0,0,0,0,0,0,0,0,0,0,0,0,0,0,0,0,0,0,0,0,0,0,0,0,0,0,"sheep",NA
3,"detect-sheep","","22","Female","","6119e2fc2605933b16ea87c0",6.56666666666667,2023-06-03,"06/03/2023",16,7,"low","Extremely",2.75,1,3,2,2,1,0,0,0,0,0,0,0,0,0,0,0,0,0,0,0,0,0,0,0,0,0,0,0,0,0,0,0,0,0,0,0,"sheep",NA
3,"detect-sheep","","26","Female","","6122bff4706b6d848da00ec1",14.0833333333333,2023-06-03,"06/03/2023",0,0,"low","Extremely",3.16666666666667,4,10,14,9,1,0,0,0,0,0,0,1,0,0,0,1,0,0,0,0,0,1,0,0,0,0,0,0,0,0,0,0,0,0,0,0,"sheep",NA
3,"detect-sheep","","31","Male","","6286f7e85258b1fba2cd6f0d",5.28333333333333,2023-06-03,"06/03/2023",0,0,"low","Extremely",2.125,0,0,0,0,0,0,0,0,0,0,0,0,0,0,0,0,0,0,0,0,0,0,0,0,0,0,0,0,0,0,0,0,0,0,0,0,"sheep",NA
3,"detect-sheep","","35","Male","","60906c79f8cfd718d6dcb3df",8.75,2023-06-03,"06/03/2023",0,0,"low","Extremely",3.125,1,2,3,2,0,0,0,0,0,0,0,0,0,0,0,0,0,0,0,0,0,0,0,1,0,0,0,0,0,0,0,0,0,0,0,0,"sheep",NA
3,"detect-sheep","","42","Male","","62730c9848db9da9ff3bf670",7.13333333333333,2023-06-03,"06/03/2023",5,7,"low","Extremely",2.83333333333333,4,10,12,11,0,0,0,0,0,0,0,0,0,0,0,0,0,1,0,0,0,1,0,0,1,0,1,0,0,0,0,0,0,0,0,0,"sheep",NA
3,"detect-sheep","","43","Female","","5ba802ee60f3d5000169e5da",6.35,2023-06-03,"06/03/2023",0,0,"low","Extremely",3.08333333333333,0,0,0,0,0,0,0,0,0,0,0,0,0,0,0,0,0,0,0,0,0,0,0,0,0,0,0,0,0,0,0,0,0,0,0,0,"sheep",NA
3,"detect-sheep","","33","Female","","62b0d68496379e085ae5d793",6.95,2023-06-03,"06/03/2023",9,2,"low","Extremely",3.45833333333333,3,7,7,7,0,0,0,0,0,0,0,1,0,0,0,0,0,0,0,0,0,0,0,1,0,0,1,0,0,0,0,0,0,0,0,0,"sheep",NA
5,"detect-sheep-and-wolf","A10249252O9I20MRSOBVF","59","Female","A10249252O9I20MRSOBVF","",8.48333333333333,2023-10-31,"10/31/2023",0,0,"low","Extremely",3.5,8,17,9,10,1,0,0,0,1,1,0,0,0,0,0,0,1,0,0,0,0,0,0,1,0,1,1,0,0,0,0,1,0,0,0,0,"sheep",70.6142833333333
4,"detect-sheep-and-wolf","A106QH27FETZ88","37","Female","A106QH27FETZ88","",8.26666666666667,2023-10-17,"10/17/2023",12,17,"high","Extremely",3.08333333333333,0,0,0,0,0,0,0,0,0,0,0,0,0,0,0,0,0,0,0,0,0,0,0,0,0,0,0,0,0,0,0,0,0,0,0,0,NA,NA
5,"detect-sheep-and-wolf","A10DTLF1LXFY0V","69","Female","A10DTLF1LXFY0V","",11.0833333333333,2023-10-31,"10/31/2023",1,1,"low","Extremely",2.70833333333333,0,0,0,0,0,0,0,0,0,0,0,0,0,0,0,0,0,0,0,0,0,0,0,0,0,0,0,0,0,0,0,0,0,0,0,0,"sheep",41.6668333333333
4,"detect-sheep-and-wolf","A10JXOU89D5RXR","62","Female","A10JXOU89D5RXR","",5.18333333333333,2023-10-17,"10/17/2023",0,0,"low","Extremely",1.70833333333333,0,0,0,0,0,0,0,0,0,0,0,0,0,0,0,0,0,0,0,0,0,0,0,0,0,0,0,0,0,0,0,0,0,0,0,0,NA,NA
4,"detect-sheep-and-wolf","A11FRLH5KWRLBV","40","Male","A11FRLH5KWRLBV","",11.9,2023-10-17,"10/17/2023",0,4,"low","Extremely",2.375,3,9,9,8,0,0,0,1,1,0,0,0,0,0,0,0,0,0,0,0,0,0,0,0,0,0,0,0,0,0,0,0,1,0,0,0,NA,NA
5,"detect-sheep-and-wolf","A11LL3J3YSXB4U","29","Male","A11LL3J3YSXB4U","",7.03333333333333,2023-10-31,"10/31/2023",2,1,"low","Extremely",2.625,2,4,4,4,1,0,0,0,0,0,0,0,0,0,0,0,0,0,0,0,0,0,0,0,0,1,0,0,0,0,0,0,0,0,0,0,"sheep",28.3212833333333
5,"detect-sheep-and-wolf","A128YNJ54F176I","29","Female","A128YNJ54F176I","",28.5666666666667,2023-10-31,"10/31/2023",24,30,"high","Extremely",3.95833333333333,16,62,62,62,1,1,0,0,1,0,0,1,1,0,1,0,0,1,0,0,0,0,1,1,1,1,0,1,0,1,1,1,0,0,0,1,"sheep",137.986866666667
5,"detect-sheep-and-wolf","A12HZGOZQD5YK7","43","Female","A12HZGOZQD5YK7","",9.51666666666667,2023-10-31,"10/31/2023",3,1,"low","Extremely",3.20833333333333,0,0,0,0,0,0,0,0,0,0,0,0,0,0,0,0,0,0,0,0,0,0,0,0,0,0,0,0,0,0,0,0,0,0,0,0,"wolf",32.2984666666667
5,"detect-sheep-and-wolf","A12IHTKQFQIPD1","39","Male","A12IHTKQFQIPD1","",4.41666666666667,2023-10-31,"10/31/2023",0,0,"low","Extremely",2.41666666666667,0,0,0,0,0,0,0,0,0,0,0,0,0,0,0,0,0,0,0,0,0,0,0,0,0,0,0,0,0,0,0,0,0,0,0,0,"wolf",26.1362
4,"detect-sheep-and-wolf","A12Q4BP1S02YWS","56","Female","A12Q4BP1S02YWS","",6.16666666666667,2023-10-17,"10/17/2023",25,33,"high","Extremely",4.5,20,81,80,84,1,1,0,1,1,0,1,0,1,1,0,1,0,0,1,1,0,0,1,1,0,1,0,0,0,1,1,1,1,1,1,1,NA,NA
4,"detect-sheep-and-wolf","A13WTEQ06V3B6D","31","Male","A13WTEQ06V3B6D","",7.41666666666667,2023-10-17,"10/17/2023",13,0,"low","Extremely",1.875,1,2,1,2,0,0,0,0,0,0,0,0,0,0,0,0,0,0,0,0,0,0,0,0,0,0,0,0,0,0,1,0,0,0,0,0,NA,NA
5,"detect-sheep-and-wolf","A14DC1USXBIRXU","36","Male","A14DC1USXBIRXU","",6.63333333333333,2023-10-31,"10/31/2023",23,30,"high","Extremely",4.16666666666667,13,49,50,50,0,0,1,0,1,0,0,1,0,0,1,0,0,1,0,1,0,0,0,1,0,1,1,0,0,1,1,0,0,1,0,1,"sheep",32.9702166666667
5,"detect-sheep-and-wolf","A15DXD3Z1AHK6C","35","Male","A15DXD3Z1AHK6C","",4.01666666666667,2023-10-31,"10/31/2023",0,0,"low","Extremely",3.5,0,0,0,0,0,0,0,0,0,0,0,0,0,0,0,0,0,0,0,0,0,0,0,0,0,0,0,0,0,0,0,0,0,0,0,0,"sheep",23.5493833333333
4,"detect-sheep-and-wolf","A16335MOISDG1F","39","Male","A16335MOISDG1F","",7.61666666666667,2023-10-17,"10/17/2023",0,1,"low","Extremely",1.91666666666667,3,4,4,3,0,0,0,0,0,0,0,0,0,0,0,0,0,0,0,0,0,0,0,0,0,1,1,0,0,0,1,0,0,0,0,0,NA,NA
4,"detect-sheep-and-wolf","A16ENVVHDK1LQQ","34","Female","A16ENVVHDK1LQQ","",5.51666666666667,2023-10-17,"10/17/2023",23,31,"high","Extremely",3.625,14,52,54,53,1,0,1,0,1,0,1,0,1,0,0,0,0,1,0,1,1,0,1,0,1,0,0,1,0,1,0,1,1,0,0,0,NA,NA
4,"detect-sheep-and-wolf","A16LUX6COW2EBP","34","Female","A16LUX6COW2EBP","",6.4,2023-10-17,"10/17/2023",12,14,"high","Extremely",3,0,0,0,0,0,0,0,0,0,0,0,0,0,0,0,0,0,0,0,0,0,0,0,0,0,0,0,0,0,0,0,0,0,0,0,0,NA,NA
4,"detect-sheep-and-wolf","A16YCPFPGW95OB","24","Female","A16YCPFPGW95OB","",8.35,2023-10-17,"10/17/2023",8,2,"low","Extremely",2.70833333333333,0,0,0,0,0,0,0,0,0,0,0,0,0,0,0,0,0,0,0,0,0,0,0,0,0,0,0,0,0,0,0,0,0,0,0,0,NA,NA
5,"detect-sheep-and-wolf","A170R0WAZC31WC","54","Female","A170R0WAZC31WC","",9.41666666666667,2023-10-31,"10/31/2023",0,0,"low","Extremely",2.875,0,0,0,0,0,0,0,0,0,0,0,0,0,0,0,0,0,0,0,0,0,0,0,0,0,0,0,0,0,0,0,0,0,0,0,0,"wolf",35.8165666666667
5,"detect-sheep-and-wolf","A17K1CHOI773VZ","34","Male","A17K1CHOI773VZ","",38.6,2023-10-31,"10/31/2023",4,4,"low","Extremely",3.41666666666667,0,0,0,0,0,0,0,0,0,0,0,0,0,0,0,0,0,0,0,0,0,0,0,0,0,0,0,0,0,0,0,0,0,0,0,0,"wolf",51.7616333333333
4,"detect-sheep-and-wolf","A18E16UFE351U6","39","Female","A18E16UFE351U6","",10.4333333333333,2023-10-17,"10/17/2023",0,3,"low","Extremely",1.83333333333333,11,29,30,28,0,0,0,1,1,1,0,1,0,0,0,0,0,1,0,0,0,1,0,1,1,0,0,0,1,0,0,0,1,1,0,0,NA,NA
5,"detect-sheep-and-wolf","A18WSAKX5YN2FB","45","Female","A18WSAKX5YN2FB","",12.5333333333333,2023-10-31,"10/31/2023",3,5,"low","Extremely",2.125,20,29,57,25,0,1,0,1,1,1,0,1,1,1,0,1,0,1,1,0,1,0,1,1,0,1,1,0,0,1,0,0,1,1,1,1,"wolf",36.9104833333333
5,"detect-sheep-and-wolf","A196XR61DIW5GU","35","Male","A196XR61DIW5GU","",11.3833333333333,2023-10-31,"10/31/2023",2,0,"low","Extremely",3.08333333333333,5,7,6,5,0,1,0,0,0,1,0,0,0,0,0,0,0,0,0,0,0,0,0,1,0,0,0,0,0,0,1,0,1,0,0,0,"wolf",48.1578
5,"detect-sheep-and-wolf","A1BHR5XQ16T7LA","56","Male","A1BHR5XQ16T7LA","",9.95,2023-10-31,"10/31/2023",0,0,"low","Extremely",1.79166666666667,0,0,0,0,0,0,0,0,0,0,0,0,0,0,0,0,0,0,0,0,0,0,0,0,0,0,0,0,0,0,0,0,0,0,0,0,"wolf",34.4874166666667
4,"detect-sheep-and-wolf","A1BM57TUNAQIXM","39","Female","A1BM57TUNAQIXM","",19.5166666666667,2023-10-17,"10/17/2023",4,2,"low","Extremely",2.125,0,0,0,0,0,0,0,0,0,0,0,0,0,0,0,0,0,0,0,0,0,0,0,0,0,0,0,0,0,0,0,0,0,0,0,0,NA,NA
5,"detect-sheep-and-wolf","A1C5SQZ045W0L5","32","Male","A1C5SQZ045W0L5","",16.7833333333333,2023-10-31,"10/31/2023",0,0,"low","Extremely",2,0,0,0,0,0,0,0,0,0,0,0,0,0,0,0,0,0,0,0,0,0,0,0,0,0,0,0,0,0,0,0,0,0,0,0,0,"sheep",46.2967166666667
4,"detect-sheep-and-wolf","A1CN1H9UODZ1E6","42","Female","A1CN1H9UODZ1E6","",7.83333333333333,2023-10-18,"10/18/2023",21,27,"high","Extremely",4.29166666666667,9,27,29,29,1,0,1,0,0,0,1,0,0,0,1,0,0,1,0,0,0,1,0,1,0,0,0,0,1,0,0,1,0,0,0,0,NA,NA
4,"detect-sheep-and-wolf","A1DC5O5XEIMM1M","43","Female","A1DC5O5XEIMM1M","",10.45,2023-10-17,"10/17/2023",23,20,"high","Extremely",3.83333333333333,18,60,63,55,1,0,0,1,1,1,0,0,1,1,0,1,1,1,0,0,1,1,0,0,1,0,1,1,0,1,0,0,1,1,0,1,NA,NA
4,"detect-sheep-and-wolf","A1DKVUTOBPQH11","39","Male","A1DKVUTOBPQH11","",8.23333333333333,2023-10-17,"10/17/2023",1,0,"low","Extremely",2.33333333333333,0,0,0,0,0,0,0,0,0,0,0,0,0,0,0,0,0,0,0,0,0,0,0,0,0,0,0,0,0,0,0,0,0,0,0,0,NA,NA
5,"detect-sheep-and-wolf","A1DT7XOW0ISK0K","36","Male","A1DT7XOW0ISK0K","",12.7333333333333,2023-10-31,"10/31/2023",0,0,"low","Extremely",2.41666666666667,2,3,5,2,0,0,0,0,0,1,0,0,0,0,0,0,0,0,0,0,0,0,0,0,0,0,0,1,0,0,0,0,0,0,0,0,"sheep",34.2291333333333
4,"detect-sheep-and-wolf","A1DUPOUC9RNU4L","62","Female","A1DUPOUC9RNU4L","",19.8666666666667,2023-10-23,"10/23/2023",0,0,"low","Extremely",2.33333333333333,0,0,0,0,0,0,0,0,0,0,0,0,0,0,0,0,0,0,0,0,0,0,0,0,0,0,0,0,0,0,0,0,0,0,0,0,NA,NA
5,"detect-sheep-and-wolf","A1DVLC088I35QY","46","Male","A1DVLC088I35QY","",9.71666666666667,2023-10-31,"10/31/2023",0,0,"low","Extremely",3.08333333333333,8,9,20,8,0,1,0,0,0,1,1,0,0,0,1,0,1,0,0,0,0,1,0,1,0,0,0,0,0,0,0,0,0,1,0,0,"wolf",38.20185
4,"detect-sheep-and-wolf","A1DZMZTXWOM9MR","41","Male","A1DZMZTXWOM9MR","",7.6,2023-10-18,"10/18/2023",0,0,"low","Extremely",2.20833333333333,0,0,0,0,0,0,0,0,0,0,0,0,0,0,0,0,0,0,0,0,0,0,0,0,0,0,0,0,0,0,0,0,0,0,0,0,NA,NA
4,"detect-sheep-and-wolf","A1E8BZC6FKLEIJ","48","Male","A1E8BZC6FKLEIJ","",10.2166666666667,2023-10-17,"10/17/2023",1,0,"low","Extremely",2,0,0,0,0,0,0,0,0,0,0,0,0,0,0,0,0,0,0,0,0,0,0,0,0,0,0,0,0,0,0,0,0,0,0,0,0,NA,NA
4,"detect-sheep-and-wolf","A1EFBEBVZP3D6G","25","Female","A1EFBEBVZP3D6G","",6.13333333333333,2023-10-17,"10/17/2023",15,26,"high","Extremely",3.5,18,64,65,66,1,0,1,0,1,0,1,1,1,1,0,1,1,1,0,0,1,0,1,0,1,1,0,1,0,0,1,1,0,0,1,0,NA,NA
5,"detect-sheep-and-wolf","A1F6MWP9A0XLJQ","36","Male","A1F6MWP9A0XLJQ","",9.11666666666667,2023-10-31,"10/31/2023",7,3,"low","Extremely",3.08333333333333,1,1,1,1,0,0,0,0,0,0,0,0,0,0,0,0,0,0,0,0,0,0,0,0,0,0,1,0,0,0,0,0,0,0,0,0,"wolf",29.8294666666667
4,"detect-sheep-and-wolf","A1F9KLZGHE9DTA","48","Male","A1F9KLZGHE9DTA","",6.33333333333333,2023-10-17,"10/17/2023",26,36,"high","Extremely",2.375,2,9,9,2,0,1,0,0,0,1,0,0,0,0,0,0,0,0,0,0,0,0,0,0,0,0,0,0,0,0,0,0,0,0,0,0,NA,NA
4,"detect-sheep-and-wolf","A1GRPIBHW72HDU","34","Male","A1GRPIBHW72HDU","",6.68333333333333,2023-10-17,"10/17/2023",0,0,"low","Extremely",2.29166666666667,4,6,7,4,0,0,0,0,1,0,0,1,0,0,0,0,0,0,0,0,0,0,0,0,0,0,1,0,0,0,1,0,0,0,0,0,NA,NA
4,"detect-sheep-and-wolf","A1I0DV4B4MFQCL","35","Male","A1I0DV4B4MFQCL","",8.01666666666667,2023-10-17,"10/17/2023",0,0,"low","Extremely",2.375,0,0,0,0,0,0,0,0,0,0,0,0,0,0,0,0,0,0,0,0,0,0,0,0,0,0,0,0,0,0,0,0,0,0,0,0,NA,NA
4,"detect-sheep-and-wolf","A1IS0218RVG60K","37","Male","A1IS0218RVG60K","",4.06666666666667,2023-10-17,"10/17/2023",2,3,"low","Extremely",2.29166666666667,1,1,1,1,0,0,0,0,0,0,0,0,0,0,0,0,0,0,0,0,0,0,0,0,0,1,0,0,0,0,0,0,0,0,0,0,NA,NA
5,"detect-sheep-and-wolf","A1KZ97QBNRPVCT","27","Male","A1KZ97QBNRPVCT","",5.98333333333333,2023-10-31,"10/31/2023",18,18,"high","Extremely",3.16666666666667,7,21,22,22,1,0,0,0,0,0,0,0,0,0,0,1,0,0,0,1,0,0,1,0,0,1,0,0,0,1,0,0,1,0,0,0,"sheep",29.3396
5,"detect-sheep-and-wolf","A1LA6CIGBNDOH9","47","Male","A1LA6CIGBNDOH9","",9.11666666666667,2023-10-31,"10/31/2023",1,1,"low","Extremely",1.95833333333333,1,1,1,2,0,0,0,0,0,0,0,0,0,0,0,0,0,0,0,0,0,0,0,1,0,0,0,0,0,0,0,0,0,0,0,0,"wolf",30.8908833333333
5,"detect-sheep-and-wolf","A1LII4M7CS6C9I","48","Female","A1LII4M7CS6C9I","",4.71666666666667,2023-10-31,"10/31/2023",0,0,"low","Extremely",1.70833333333333,0,0,0,0,0,0,0,0,0,0,0,0,0,0,0,0,0,0,0,0,0,0,0,0,0,0,0,0,0,0,0,0,0,0,0,0,"wolf",24.8981166666667
4,"detect-sheep-and-wolf","A1MN2PWAV10VAB","38","Female","A1MN2PWAV10VAB","",7.36666666666667,2023-10-17,"10/17/2023",7,3,"low","Extremely",2.08333333333333,7,7,7,13,0,0,0,0,0,0,0,0,0,0,0,0,0,1,0,0,0,1,0,1,1,0,1,0,0,0,0,0,1,1,0,0,NA,NA
4,"detect-sheep-and-wolf","A1NQOR4RQJJDMW","29","Female","A1NQOR4RQJJDMW","",15.4833333333333,2023-10-17,"10/17/2023",10,2,"low","Extremely",5,17,67,66,27,1,1,1,1,1,1,1,0,0,0,0,1,0,0,0,0,0,1,0,1,1,1,1,1,0,0,1,0,1,0,0,1,NA,NA
5,"detect-sheep-and-wolf","A1OOCYEFLAJD98","45","Male","A1OOCYEFLAJD98","",12.7833333333333,2023-10-31,"10/31/2023",1,0,"low","Extremely",3.79166666666667,3,8,11,7,0,0,0,0,1,0,0,0,0,0,0,0,0,0,1,0,0,0,0,0,0,1,0,0,0,0,0,0,0,0,0,0,"sheep",33.14835
4,"detect-sheep-and-wolf","A1P6LFEAY9MWAY","34","Female","A1P6LFEAY9MWAY","",6.28333333333333,2023-10-23,"10/23/2023",0,0,"low","Extremely",2.25,4,4,8,7,0,1,0,0,0,1,0,0,0,0,0,1,0,0,0,0,0,0,0,0,0,0,0,0,0,0,0,0,0,0,1,0,NA,NA
5,"detect-sheep-and-wolf","A1Q56N80RJLQ7S","35","Male","A1Q56N80RJLQ7S","",5.75,2023-10-31,"10/31/2023",13,7,"low","Extremely",3.33333333333333,0,0,0,0,0,0,0,0,0,0,0,0,0,0,0,0,0,0,0,0,0,0,0,0,0,0,0,0,0,0,0,0,0,0,0,0,"sheep",28.0585166666667
4,"detect-sheep-and-wolf","A1SLJKNSNHOJRN","39","Male","A1SLJKNSNHOJRN","",10.5833333333333,2023-10-18,"10/18/2023",2,0,"low","Extremely",2.33333333333333,4,10,13,7,0,0,0,0,0,0,0,0,0,0,0,0,0,0,0,0,0,0,0,1,0,0,1,0,0,0,1,0,0,1,0,0,NA,NA
4,"detect-sheep-and-wolf","A1SN7EOZUW5VP3","44","Male","A1SN7EOZUW5VP3","",8.33333333333333,2023-10-17,"10/17/2023",0,0,"low","Extremely",3.33333333333333,1,1,1,3,0,0,0,0,0,0,0,0,0,0,0,0,0,0,0,0,0,0,0,0,0,0,0,1,0,0,0,0,0,0,0,0,NA,NA
4,"detect-sheep-and-wolf","A1T579QEGUZKIP","45","Female","A1T579QEGUZKIP","",15.4666666666667,2023-10-17,"10/17/2023",23,27,"high","Extremely",4.20833333333333,15,61,60,64,0,0,1,1,1,0,0,1,1,0,1,0,1,0,0,1,1,0,0,0,1,1,0,0,1,1,0,0,1,1,0,0,NA,NA
5,"detect-sheep-and-wolf","A1TW2BZRRS874Z","40","Male","A1TW2BZRRS874Z","",9.03333333333333,2023-10-31,"10/31/2023",2,0,"low","Extremely",3.25,7,15,15,9,0,0,0,0,0,0,0,1,0,0,0,0,0,0,0,0,0,1,0,0,0,0,1,0,1,0,1,0,1,1,0,0,"sheep",37.99855
5,"detect-sheep-and-wolf","A1VAL7L9L79IN0","32","Male","A1VAL7L9L79IN0","",9.01666666666667,2023-10-31,"10/31/2023",3,0,"low","Extremely",2.5,1,3,3,1,1,0,0,0,0,0,0,0,0,0,0,0,0,0,0,0,0,0,0,0,0,0,0,0,0,0,0,0,0,0,0,0,"wolf",25.9783333333333
5,"detect-sheep-and-wolf","A1VBP1RMKGUXB","41","Female","A1VBP1RMKGUXB","",6.86666666666667,2023-10-31,"10/31/2023",22,29,"high","Extremely",4.08333333333333,4,16,14,18,0,0,0,0,0,1,0,0,0,0,0,0,0,1,0,0,0,0,0,1,0,0,0,1,0,0,0,0,0,0,0,0,"wolf",29.7333
4,"detect-sheep-and-wolf","A1XQOZV8LQDM22","47","Male","A1XQOZV8LQDM22","",10.45,2023-10-17,"10/17/2023",9,12,"high","Extremely",3.20833333333333,2,4,4,3,0,1,0,0,0,0,0,0,0,0,0,0,0,0,0,0,0,0,0,0,0,1,0,0,0,0,0,0,0,0,0,0,NA,NA
5,"detect-sheep-and-wolf","A1Y3IPBBZQTWR2","58","Male","A1Y3IPBBZQTWR2","",6,2023-10-31,"10/31/2023",0,0,"low","Extremely",2.08333333333333,0,0,0,0,0,0,0,0,0,0,0,0,0,0,0,0,0,0,0,0,0,0,0,0,0,0,0,0,0,0,0,0,0,0,0,0,"sheep",27.8824333333333
4,"detect-sheep-and-wolf","A1YFVXP4A1CXSF","42","Female","A1YFVXP4A1CXSF","",7.31666666666667,2023-10-17,"10/17/2023",0,0,"low","Extremely",3.45833333333333,5,5,10,11,1,1,0,0,0,0,0,0,0,0,0,0,0,0,0,0,0,1,0,0,0,1,0,0,0,0,0,0,1,0,0,0,NA,NA
4,"detect-sheep-and-wolf","A1YVMDRR9W1LZ1","33","Male","A1YVMDRR9W1LZ1","",9.63333333333333,2023-10-18,"10/18/2023",8,3,"low","Extremely",2.5,1,1,1,1,0,0,0,0,0,0,0,0,0,0,0,0,0,0,0,0,0,0,0,1,0,0,0,0,0,0,0,0,0,0,0,0,NA,NA
4,"detect-sheep-and-wolf","A1YZ0ETOCJO1B2","39","Male","A1YZ0ETOCJO1B2","",11.7166666666667,2023-10-17,"10/17/2023",14,10,"low","Extremely",2.04166666666667,3,13,14,3,0,1,0,1,0,0,0,0,0,0,0,1,0,0,0,0,0,0,0,0,0,0,0,0,0,0,0,0,0,0,0,0,NA,NA
5,"detect-sheep-and-wolf","A222GZB608T1B8","23","Female","A222GZB608T1B8","",10.8166666666667,2023-10-31,"10/31/2023",0,0,"low","Extremely",2.08333333333333,0,0,0,0,0,0,0,0,0,0,0,0,0,0,0,0,0,0,0,0,0,0,0,0,0,0,0,0,0,0,0,0,0,0,0,0,"sheep",41.9120666666667
4,"detect-sheep-and-wolf","A230VUDYOCRZ4N","59","Female","A230VUDYOCRZ4N","",9.3,2023-10-17,"10/17/2023",0,0,"low","Extremely",1.5,0,0,0,0,0,0,0,0,0,0,0,0,0,0,0,0,0,0,0,0,0,0,0,0,0,0,0,0,0,0,0,0,0,0,0,0,NA,NA
4,"detect-sheep-and-wolf","A235DXY5FJN0IW","28","Female","A235DXY5FJN0IW","",4.96666666666667,2023-10-17,"10/17/2023",0,0,"low","Extremely",4.54166666666667,0,0,0,0,0,0,0,0,0,0,0,0,0,0,0,0,0,0,0,0,0,0,0,0,0,0,0,0,0,0,0,0,0,0,0,0,NA,NA
4,"detect-sheep-and-wolf","A24G8GL5FX1KAW","23","Female","A24G8GL5FX1KAW","",4.76666666666667,2023-10-17,"10/17/2023",9,12,"high","Extremely",4.33333333333333,19,50,49,41,1,0,1,0,1,1,0,1,0,1,1,0,1,0,1,0,1,0,0,1,0,1,1,1,0,1,0,1,1,1,0,1,NA,NA
5,"detect-sheep-and-wolf","A24MNMHSFYW6B","36","Male","A24MNMHSFYW6B","",6.11666666666667,2023-10-31,"10/31/2023",25,35,"high","Extremely",4.66666666666667,23,101,100,101,1,1,0,1,1,0,1,1,1,0,0,1,1,0,1,1,1,1,1,0,1,0,1,1,1,0,1,1,0,1,1,1,"wolf",65.26615
5,"detect-sheep-and-wolf","A24X5CKPBH8SV1","43","Male","A24X5CKPBH8SV1","",12.7,2023-10-31,"10/31/2023",6,7,"low","Extremely",2.83333333333333,4,9,10,7,0,0,0,0,1,0,0,1,0,0,0,0,0,0,0,0,0,0,0,1,0,0,0,0,1,0,0,0,0,0,0,0,"sheep",49.5114833333333
4,"detect-sheep-and-wolf","A276XK6HT76JZA","42","Female","A276XK6HT76JZA","",4.56666666666667,2023-10-17,"10/17/2023",3,3,"low","Extremely",3.375,0,0,0,0,0,0,0,0,0,0,0,0,0,0,0,0,0,0,0,0,0,0,0,0,0,0,0,0,0,0,0,0,0,0,0,0,NA,NA
4,"detect-sheep-and-wolf","A27O7H19C0WQ7T","41","Female","A27O7H19C0WQ7T","",4.06666666666667,2023-10-23,"10/23/2023",19,19,"high","Extremely",3.45833333333333,1,2,3,2,1,0,0,0,0,0,0,0,0,0,0,0,0,0,0,0,0,0,0,0,0,0,0,0,0,0,0,0,0,0,0,0,NA,NA
4,"detect-sheep-and-wolf","A27VK38SRSSHV3","33","Female","A27VK38SRSSHV3","",2.98333333333333,2023-10-17,"10/17/2023",4,2,"low","Extremely",3.04166666666667,2,4,5,4,0,0,1,0,0,0,0,0,0,0,0,0,0,0,0,0,0,0,0,1,0,0,0,0,0,0,0,0,0,0,0,0,NA,NA
5,"detect-sheep-and-wolf","A290TNNAJJQCWL","26","Male","A290TNNAJJQCWL","",10.9333333333333,2023-10-31,"10/31/2023",13,23,"high","Extremely",2.91666666666667,6,11,12,12,0,0,0,0,1,0,0,1,1,1,0,1,0,0,0,0,0,0,0,0,0,0,0,0,0,0,0,0,1,0,0,0,"wolf",34.3613833333333
4,"detect-sheep-and-wolf","A299UKNV45FVI6","56","Male","A299UKNV45FVI6","",5.66666666666667,2023-10-17,"10/17/2023",21,35,"high","Extremely",4.125,10,43,43,44,0,0,1,1,1,0,0,0,0,0,1,0,0,0,0,0,1,0,1,0,0,1,1,0,0,0,0,0,1,0,1,0,NA,NA
5,"detect-sheep-and-wolf","A2AP9F2LCG5GV8","34","Male","A2AP9F2LCG5GV8","",8.66666666666667,2023-10-31,"10/31/2023",0,0,"low","Extremely",4.125,0,0,0,0,0,0,0,0,0,0,0,0,0,0,0,0,0,0,0,0,0,0,0,0,0,0,0,0,0,0,0,0,0,0,0,0,"wolf",33.9424166666667
4,"detect-sheep-and-wolf","A2APG8MSLJ6G2K","70","Female","A2APG8MSLJ6G2K","",9.51666666666667,2023-10-23,"10/23/2023",2,1,"low","Extremely",2.54166666666667,1,3,2,2,0,0,0,0,0,1,0,0,0,0,0,0,0,0,0,0,0,0,0,0,0,0,0,0,0,0,0,0,0,0,0,0,NA,NA
5,"detect-sheep-and-wolf","A2BUHMLNE3LUU0","44","Female","A2BUHMLNE3LUU0","",16.2166666666667,2023-10-31,"10/31/2023",6,0,"low","Extremely",2.29166666666667,2,3,3,3,0,0,0,0,0,0,0,0,0,0,0,0,0,0,0,0,0,0,0,0,0,0,1,0,0,0,0,0,0,1,0,0,"wolf",44.3958666666667
4,"detect-sheep-and-wolf","A2C84POENS2UNY","42","Female","A2C84POENS2UNY","",3.33333333333333,2023-10-17,"10/17/2023",1,0,"low","Extremely",2.79166666666667,0,0,0,0,0,0,0,0,0,0,0,0,0,0,0,0,0,0,0,0,0,0,0,0,0,0,0,0,0,0,0,0,0,0,0,0,NA,NA
5,"detect-sheep-and-wolf","A2DDXYTEVDV5F5","39","Female","A2DDXYTEVDV5F5","",13.6,2023-10-31,"10/31/2023",0,0,"low","Extremely",3.625,0,0,0,0,0,0,0,0,0,0,0,0,0,0,0,0,0,0,0,0,0,0,0,0,0,0,0,0,0,0,0,0,0,0,0,0,"wolf",43.8935666666667
4,"detect-sheep-and-wolf","A2E0LU8V4EUX5C","28","Male","A2E0LU8V4EUX5C","",7.93333333333333,2023-10-17,"10/17/2023",5,6,"low","Extremely",2.70833333333333,2,8,9,7,1,0,0,0,0,0,0,0,0,0,0,0,0,0,0,0,0,1,0,0,0,0,0,0,0,0,0,0,0,0,0,0,NA,NA
5,"detect-sheep-and-wolf","A2ENGQJ6CBQSUP","28","Male","A2ENGQJ6CBQSUP","",11.6,2023-10-31,"10/31/2023",9,16,"high","Extremely",2.95833333333333,16,31,24,29,0,1,1,1,1,1,0,1,0,0,1,0,1,0,1,0,0,0,0,0,0,1,1,0,0,0,1,0,1,1,1,1,"sheep",35.7432
4,"detect-sheep-and-wolf","A2EQEQNOVLJQ71","52","Female","A2EQEQNOVLJQ71","",15.1,2023-10-17,"10/17/2023",0,0,"low","Extremely",2.95833333333333,3,5,8,6,0,0,0,0,0,0,0,1,0,0,0,0,0,1,0,0,0,0,0,1,0,0,0,0,0,0,0,0,0,0,0,0,NA,NA
4,"detect-sheep-and-wolf","A2FP41BSPG0Y4A","35","Female","A2FP41BSPG0Y4A","",10.7166666666667,2023-10-17,"10/17/2023",21,21,"high","Extremely",3.625,24,78,83,57,1,1,1,1,0,1,0,0,1,0,1,0,0,1,0,0,1,1,1,1,1,1,1,1,1,1,1,1,1,1,1,1,NA,NA
5,"detect-sheep-and-wolf","A2GA29WTMFW2W","43","Male","A2GA29WTMFW2W","",10.0833333333333,2023-10-31,"10/31/2023",5,0,"low","Extremely",3,0,0,0,0,0,0,0,0,0,0,0,0,0,0,0,0,0,0,0,0,0,0,0,0,0,0,0,0,0,0,0,0,0,0,0,0,"wolf",47.7528333333333
4,"detect-sheep-and-wolf","A2H3CV7SIVYREN","46","Male","A2H3CV7SIVYREN","",12.9833333333333,2023-10-17,"10/17/2023",18,11,"high","Extremely",3.95833333333333,0,0,0,0,0,0,0,0,0,0,0,0,0,0,0,0,0,0,0,0,0,0,0,0,0,0,0,0,0,0,0,0,0,0,0,0,NA,NA
4,"detect-sheep-and-wolf","A2HDEWY0ISLL7X","29","Female","A2HDEWY0ISLL7X","",8.36666666666667,2023-10-17,"10/17/2023",28,33,"high","Extremely",4.875,16,72,66,71,1,0,0,1,0,0,0,1,1,1,0,0,0,1,1,1,1,0,0,0,0,1,1,1,1,1,0,0,0,0,1,1,NA,NA
5,"detect-sheep-and-wolf","A2HOEI5M6G883O","34","Male","A2HOEI5M6G883O","",9.28333333333333,2023-10-31,"10/31/2023",0,0,"low","Extremely",4.45833333333333,0,0,0,0,0,0,0,0,0,0,0,0,0,0,0,0,0,0,0,0,0,0,0,0,0,0,0,0,0,0,0,0,0,0,0,0,"sheep",33.4621166666667
5,"detect-sheep-and-wolf","A2IQ0QCTQ3KWLT","52","Female","A2IQ0QCTQ3KWLT","",8.25,2023-10-31,"10/31/2023",0,0,"low","Extremely",3.08333333333333,13,27,35,20,1,1,1,0,1,1,0,1,0,0,0,1,0,0,0,0,0,1,0,1,1,0,0,0,1,0,0,0,1,0,1,0,"wolf",29.8631833333333
5,"detect-sheep-and-wolf","A2KDYSLV030FVX","51","Female","A2KDYSLV030FVX","",7.18333333333333,2023-10-31,"10/31/2023",0,0,"low","Extremely",2.875,0,0,0,0,0,0,0,0,0,0,0,0,0,0,0,0,0,0,0,0,0,0,0,0,0,0,0,0,0,0,0,0,0,0,0,0,"sheep",37.4582833333333
5,"detect-sheep-and-wolf","A2KW87ZD2ELYNG","43","Male","A2KW87ZD2ELYNG","",4.98333333333333,2023-10-31,"10/31/2023",0,0,"low","Extremely",1.95833333333333,1,4,5,3,1,0,0,0,0,0,0,0,0,0,0,0,0,0,0,0,0,0,0,0,0,0,0,0,0,0,0,0,0,0,0,0,"wolf",25.1888666666667
4,"detect-sheep-and-wolf","A2M183CETUMR96","41","Male","A2M183CETUMR96","",10.4166666666667,2023-10-17,"10/17/2023",2,2,"low","Extremely",1.91666666666667,0,0,0,0,0,0,0,0,0,0,0,0,0,0,0,0,0,0,0,0,0,0,0,0,0,0,0,0,0,0,0,0,0,0,0,0,NA,NA
4,"detect-sheep-and-wolf","A2ML0070M8FDK1","","Female","A2ML0070M8FDK1","",7.55,2023-09-29,"09/29/2023",0,0,"low","Extremely",3,1,4,3,1,0,0,0,0,0,0,0,0,0,0,0,0,0,0,0,0,0,0,0,0,0,0,0,0,0,0,0,0,0,1,0,0,NA,NA
5,"detect-sheep-and-wolf","A2MLVZFK1L25JM","34","Male","A2MLVZFK1L25JM","",10.9,2023-10-31,"10/31/2023",0,0,"low","Extremely",3.625,0,0,0,0,0,0,0,0,0,0,0,0,0,0,0,0,0,0,0,0,0,0,0,0,0,0,0,0,0,0,0,0,0,0,0,0,"sheep",34.8003166666667
4,"detect-sheep-and-wolf","A2MUCL20GTQJA0","37","Male","A2MUCL20GTQJA0","",8.05,2023-10-17,"10/17/2023",9,1,"low","Extremely",2.66666666666667,0,0,0,0,0,0,0,0,0,0,0,0,0,0,0,0,0,0,0,0,0,0,0,0,0,0,0,0,0,0,0,0,0,0,0,0,NA,NA
5,"detect-sheep-and-wolf","A2NAKIXS3DVGAA","29","Male","A2NAKIXS3DVGAA","",3.9,2023-10-31,"10/31/2023",0,0,"low","Extremely",2.5,0,0,0,0,0,0,0,0,0,0,0,0,0,0,0,0,0,0,0,0,0,0,0,0,0,0,0,0,0,0,0,0,0,0,0,0,"wolf",23.5981333333333
5,"detect-sheep-and-wolf","A1WU6EAI7ZUTD8","23","Female","A2NMAOYBBJTO0R","",3.11666666666667,2023-10-31,"10/31/2023",17,21,"high","Extremely",3.20833333333333,0,0,0,0,0,0,0,0,0,0,0,0,0,0,0,0,0,0,0,0,0,0,0,0,0,0,0,0,0,0,0,0,0,0,0,0,"sheep",21.8211333333333
5,"detect-sheep-and-wolf","A2PEN75MMUA963","58","Female","A2PEN75MMUA963","",10.1,2023-10-31,"10/31/2023",15,16,"high","Extremely",2.375,8,35,29,20,0,1,0,0,0,0,0,1,0,0,0,0,0,1,0,0,0,0,0,1,1,1,0,0,0,0,0,0,1,1,0,0,"sheep",38.23505
4,"detect-sheep-and-wolf","A2PR7FI9TP8XLD","35","Male","A2PR7FI9TP8XLD","",5.63333333333333,2023-10-17,"10/17/2023",6,4,"low","Extremely",2.29166666666667,3,7,9,7,1,0,0,0,0,0,0,0,0,0,0,0,0,0,0,0,1,0,0,0,1,0,0,0,0,0,0,0,0,0,0,0,NA,NA
5,"detect-sheep-and-wolf","A2QJ1ENAEA37V4","24","Female","A2QJ1ENAEA37V4","",5.91666666666667,2023-10-31,"10/31/2023",17,23,"high","Extremely",4.29166666666667,14,46,49,40,1,0,0,0,1,0,1,1,0,0,0,0,1,1,0,0,0,1,1,0,1,0,1,0,1,0,1,1,0,1,0,0,"wolf",29.4158833333333
5,"detect-sheep-and-wolf","A2S64AUN7JI7ZS","46","Male","A2S64AUN7JI7ZS","",7.86666666666667,2023-10-31,"10/31/2023",0,0,"low","Extremely",3.375,0,0,0,0,0,0,0,0,0,0,0,0,0,0,0,0,0,0,0,0,0,0,0,0,0,0,0,0,0,0,0,0,0,0,0,0,"sheep",33.2562833333333
4,"detect-sheep-and-wolf","A2T0STI1CPQBDR","35","Male","A2T0STI1CPQBDR","",10.6833333333333,2023-10-17,"10/17/2023",16,14,"high","Extremely",3.16666666666667,0,0,0,0,0,0,0,0,0,0,0,0,0,0,0,0,0,0,0,0,0,0,0,0,0,0,0,0,0,0,0,0,0,0,0,0,NA,NA
4,"detect-sheep-and-wolf","A2UGX9RL4XFDYI","41","Male","A2UGX9RL4XFDYI","",55.85,2023-10-17,"10/17/2023",24,30,"high","Extremely",4.08333333333333,23,91,92,94,1,1,1,1,1,1,1,0,1,0,0,1,0,0,1,1,1,1,1,1,0,0,1,0,1,1,1,1,1,0,1,1,NA,NA
4,"detect-sheep-and-wolf","A2WQT33K6LD9Z5","35","Male","A2WQT33K6LD9Z5","",5.83333333333333,2023-10-18,"10/18/2023",0,0,"low","Extremely",2.79166666666667,0,0,0,0,0,0,0,0,0,0,0,0,0,0,0,0,0,0,0,0,0,0,0,0,0,0,0,0,0,0,0,0,0,0,0,0,NA,NA
5,"detect-sheep-and-wolf","A2XHD64QUKA5Z6","41","Male","A2XHD64QUKA5Z6","",8.26666666666667,2023-10-31,"10/31/2023",0,0,"low","Extremely",1,2,2,2,4,0,0,0,0,0,0,0,0,0,0,0,0,0,0,0,0,0,0,0,0,0,0,1,0,0,0,1,0,0,0,0,0,"wolf",28.5849166666667
5,"detect-sheep-and-wolf","A2Y7L7R5UTQ5R2","44","Female","A2Y7L7R5UTQ5R2","",8.81666666666667,2023-10-31,"10/31/2023",9,7,"low","Extremely",3.16666666666667,0,0,0,0,0,0,0,0,0,0,0,0,0,0,0,0,0,0,0,0,0,0,0,0,0,0,0,0,0,0,0,0,0,0,0,0,"wolf",35.6596333333333
4,"detect-sheep-and-wolf","A2YC6PEMIRSOAA","39","Female","A2YC6PEMIRSOAA","",4.7,2023-10-17,"10/17/2023",8,10,"low","Extremely",2.91666666666667,0,0,0,0,0,0,0,0,0,0,0,0,0,0,0,0,0,0,0,0,0,0,0,0,0,0,0,0,0,0,0,0,0,0,0,0,NA,NA
5,"detect-sheep-and-wolf","A2YW8BTRWIUH8Y","35","Female","A2YW8BTRWIUH8Y","",11.95,2023-10-31,"10/31/2023",13,2,"low","Extremely",3.75,10,10,25,16,0,1,1,1,1,0,0,1,1,0,0,0,0,1,0,0,0,1,0,0,0,0,0,0,1,0,0,0,1,0,0,0,"sheep",37.2969666666667
5,"detect-sheep-and-wolf","A2Z6NL0CTXY0ZB","44","Female","A2Z6NL0CTXY0ZB","",6.13333333333333,2023-10-31,"10/31/2023",2,0,"low","Extremely",2.04166666666667,0,0,0,0,0,0,0,0,0,0,0,0,0,0,0,0,0,0,0,0,0,0,0,0,0,0,0,0,0,0,0,0,0,0,0,0,"sheep",26.0541333333333
5,"detect-sheep-and-wolf","A2ZQBKUCSKMW8S","39","Male","A2ZQBKUCSKMW8S","",10.0833333333333,2023-10-31,"10/31/2023",3,1,"low","Extremely",2.75,4,8,12,7,1,1,0,0,0,0,0,0,0,0,0,0,0,0,0,0,0,0,0,1,0,0,0,0,0,0,1,0,0,0,0,0,"wolf",36.8484166666667
4,"detect-sheep-and-wolf","A2ZSL0EDN3H4AT","40","Female","A2ZSL0EDN3H4AT","",4.56666666666667,2023-10-17,"10/17/2023",3,5,"low","Extremely",3.25,8,24,26,11,0,0,0,1,1,0,0,1,0,0,0,1,0,0,0,0,0,1,0,0,0,0,1,0,0,0,0,0,1,1,0,0,NA,NA
4,"detect-sheep-and-wolf","A30UQ017N4PML5","43","Female","A30UQ017N4PML5","",4.13333333333333,2023-10-17,"10/17/2023",24,25,"high","Extremely",4.04166666666667,19,67,60,69,0,1,1,0,0,1,1,1,1,1,1,0,1,0,0,0,1,0,1,0,1,1,0,1,1,0,0,1,1,1,1,0,NA,NA
5,"detect-sheep-and-wolf","A32K4W6B31XWVR","34","Male","A32K4W6B31XWVR","",10.4833333333333,2023-10-31,"10/31/2023",1,0,"low","Extremely",3.875,3,7,6,6,0,0,0,0,0,0,0,0,0,0,0,0,0,0,0,0,0,1,0,0,0,1,0,0,0,0,1,0,0,0,0,0,"sheep",31.9540166666667
4,"detect-sheep-and-wolf","A33VGSEJ44ORMF","58","Female","A33VGSEJ44ORMF","",7.2,2023-10-17,"10/17/2023",4,2,"low","Extremely",2.75,0,0,0,0,0,0,0,0,0,0,0,0,0,0,0,0,0,0,0,0,0,0,0,0,0,0,0,0,0,0,0,0,0,0,0,0,NA,NA
5,"detect-sheep-and-wolf","A345VDWYMDWTGD","26","Female","A345VDWYMDWTGD","",5.46666666666667,2023-10-31,"10/31/2023",0,0,"low","Extremely",3.75,0,0,0,0,0,0,0,0,0,0,0,0,0,0,0,0,0,0,0,0,0,0,0,0,0,0,0,0,0,0,0,0,0,0,0,0,"sheep",26.18855
5,"detect-sheep-and-wolf","A34SUZWGLXIWM8","40","Male","A34SUZWGLXIWM8","",16.5166666666667,2023-10-31,"10/31/2023",4,5,"low","Extremely",3.20833333333333,4,6,7,6,0,1,0,0,1,0,0,0,0,0,0,0,0,0,0,0,0,0,0,1,0,0,0,0,0,0,0,0,0,1,0,0,"wolf",42.9126833333333
5,"detect-sheep-and-wolf","A34U4186EW0B9X","47","Male","A34U4186EW0B9X","",9.4,2023-10-31,"10/31/2023",23,8,"low","Extremely",3.79166666666667,0,0,0,0,0,0,0,0,0,0,0,0,0,0,0,0,0,0,0,0,0,0,0,0,0,0,0,0,0,0,0,0,0,0,0,0,"sheep",34.5291
4,"detect-sheep-and-wolf","A351II0OWIWVX","34","Male","A351II0OWIWVX","",6.16666666666667,2023-10-17,"10/17/2023",24,0,"low","Extremely",3.83333333333333,0,0,0,0,0,0,0,0,0,0,0,0,0,0,0,0,0,0,0,0,0,0,0,0,0,0,0,0,0,0,0,0,0,0,0,0,NA,NA
5,"detect-sheep-and-wolf","A37GOI3N77WX21","32","Male","A37GOI3N77WX21","",7.21666666666667,2023-10-31,"10/31/2023",0,0,"low","Extremely",1.95833333333333,0,0,0,0,0,0,0,0,0,0,0,0,0,0,0,0,0,0,0,0,0,0,0,0,0,0,0,0,0,0,0,0,0,0,0,0,"wolf",28.1551833333333
5,"detect-sheep-and-wolf","A3862RIFFUV141","52","Male","A3862RIFFUV141","",7.55,2023-10-31,"10/31/2023",3,7,"low","Extremely",1.5,3,4,3,3,0,0,0,0,0,1,0,1,0,0,0,1,0,0,0,0,0,0,0,0,0,0,0,0,0,0,0,0,0,0,0,0,"wolf",30.1610166666667
4,"detect-sheep-and-wolf","A38DHLB88V8DL8","49","Female","A38DHLB88V8DL8","",4.31666666666667,2023-10-17,"10/17/2023",0,0,"low","Extremely",3.54166666666667,0,0,0,0,0,0,0,0,0,0,0,0,0,0,0,0,0,0,0,0,0,0,0,0,0,0,0,0,0,0,0,0,0,0,0,0,NA,NA
4,"detect-sheep-and-wolf","A38I0E8UK53ME5","37","Female","A38I0E8UK53ME5","",7.16666666666667,2023-10-17,"10/17/2023",6,12,"high","Extremely",1.20833333333333,0,0,0,0,0,0,0,0,0,0,0,0,0,0,0,0,0,0,0,0,0,0,0,0,0,0,0,0,0,0,0,0,0,0,0,0,NA,NA
5,"detect-sheep-and-wolf","A3AY0315YWWNXY","29","Male","A3AY0315YWWNXY","",6.25,2023-10-31,"10/31/2023",0,0,"low","Extremely",2.20833333333333,5,11,11,8,0,0,0,0,0,0,0,0,0,0,0,0,0,0,0,0,0,0,0,1,1,0,1,0,0,0,1,0,1,0,0,0,"wolf",26.87905
4,"detect-sheep-and-wolf","A3BUWQ5C39GRQC","42","Female","A3BUWQ5C39GRQC","",6.26666666666667,2023-10-17,"10/17/2023",0,0,"low","Extremely",2.08333333333333,0,0,0,0,0,0,0,0,0,0,0,0,0,0,0,0,0,0,0,0,0,0,0,0,0,0,0,0,0,0,0,0,0,0,0,0,NA,NA
4,"detect-sheep-and-wolf","A3CH1Z6J9R38G9","34","Male","A3CH1Z6J9R38G9","",5.06666666666667,2023-10-17,"10/17/2023",0,2,"low","Extremely",2.75,0,0,0,0,0,0,0,0,0,0,0,0,0,0,0,0,0,0,0,0,0,0,0,0,0,0,0,0,0,0,0,0,0,0,0,0,NA,NA
5,"detect-sheep-and-wolf","A3DG8M8G0L4DNZ","33","Male","A3DG8M8G0L4DNZ","",2.1,2023-10-31,"10/31/2023",0,0,"low","Extremely",3.125,0,0,0,0,0,0,0,0,0,0,0,0,0,0,0,0,0,0,0,0,0,0,0,0,0,0,0,0,0,0,0,0,0,0,0,0,"sheep",19.83445
5,"detect-sheep-and-wolf","A3DW6KSQPG6GVQ","36","Female","A3DW6KSQPG6GVQ","",16.95,2023-10-31,"10/31/2023",6,22,"high","Extremely",3.625,22,60,76,66,1,1,1,1,0,0,1,0,1,1,1,1,1,0,1,1,0,1,1,1,1,1,1,0,1,0,1,0,1,1,0,0,"sheep",44.7193666666667
4,"detect-sheep-and-wolf","A3FNC8ELMK8YJA","61","Female","A3FNC8ELMK8YJA","",5.4,2023-10-17,"10/17/2023",0,0,"low","Extremely",1.95833333333333,0,0,0,0,0,0,0,0,0,0,0,0,0,0,0,0,0,0,0,0,0,0,0,0,0,0,0,0,0,0,0,0,0,0,0,0,NA,NA
4,"detect-sheep-and-wolf","A3H1R064820RXL","23","Male","A3H1R064820RXL","",4,2023-10-18,"10/18/2023",7,7,"low","Extremely",2.54166666666667,0,0,0,0,0,0,0,0,0,0,0,0,0,0,0,0,0,0,0,0,0,0,0,0,0,0,0,0,0,0,0,0,0,0,0,0,NA,NA
5,"detect-sheep-and-wolf","A3H3BTRV6I3LYU","34","Male","A3H3BTRV6I3LYU","",3.65,2023-10-31,"10/31/2023",0,0,"low","Extremely",2.25,0,0,0,0,0,0,0,0,0,0,0,0,0,0,0,0,0,0,0,0,0,0,0,0,0,0,0,0,0,0,0,0,0,0,0,0,"wolf",53.7709666666667
5,"detect-sheep-and-wolf","A3JZ2WCG7JH1Q8","61","Female","A3JZ2WCG7JH1Q8","",9.31666666666667,2023-10-31,"10/31/2023",0,9,"low","Extremely",4.04166666666667,0,0,0,0,0,0,0,0,0,0,0,0,0,0,0,0,0,0,0,0,0,0,0,0,0,0,0,0,0,0,0,0,0,0,0,0,"wolf",94.0241666666667
5,"detect-sheep-and-wolf","A3KH1OG87C8DCM","39","Female","A3KH1OG87C8DCM","",8.9,2023-10-31,"10/31/2023",4,0,"low","Extremely",2.20833333333333,0,0,0,0,0,0,0,0,0,0,0,0,0,0,0,0,0,0,0,0,0,0,0,0,0,0,0,0,0,0,0,0,0,0,0,0,"sheep",31.9571666666667
5,"detect-sheep-and-wolf","A3KVKK1XLBTSN3","41","Male","A3KVKK1XLBTSN3","",7.13333333333333,2023-10-31,"10/31/2023",0,0,"low","Extremely",1.875,0,0,0,0,0,0,0,0,0,0,0,0,0,0,0,0,0,0,0,0,0,0,0,0,0,0,0,0,0,0,0,0,0,0,0,0,"sheep",29.4418833333333
4,"detect-sheep-and-wolf","A3KYW63NPGY1V5","35","Female","A3KYW63NPGY1V5","",6.46666666666667,2023-10-17,"10/17/2023",26,34,"high","Extremely",4.08333333333333,9,35,39,40,1,1,0,0,0,0,0,1,1,1,1,0,0,0,0,0,0,0,0,0,0,0,0,0,0,0,1,0,0,1,0,1,NA,NA
5,"detect-sheep-and-wolf","A3L0DCUXI7X3A9","45","Male","A3L0DCUXI7X3A9","",10.7666666666667,2023-10-31,"10/31/2023",2,3,"low","Extremely",2.04166666666667,1,2,1,2,0,0,0,0,0,0,0,0,0,0,0,0,0,0,0,0,0,0,0,1,0,0,0,0,0,0,0,0,0,0,0,0,"wolf",33.7273833333333
5,"detect-sheep-and-wolf","A3LGUYS3JU2C1T","32","Male","A3LGUYS3JU2C1T","",11.8,2023-10-31,"10/31/2023",2,1,"low","Extremely",2.16666666666667,5,7,8,8,1,0,0,0,0,0,0,1,0,0,0,0,0,0,0,0,0,1,0,0,0,0,0,1,0,0,0,0,1,0,0,0,"sheep",37.5759
5,"detect-sheep-and-wolf","A3MVVJHNQESGP4","30","Male","A3MVVJHNQESGP4","",6.93333333333333,2023-10-31,"10/31/2023",18,24,"high","Extremely",3.70833333333333,17,58,56,57,0,0,0,1,1,0,0,1,0,0,0,1,0,1,0,1,0,1,1,1,0,0,1,1,1,1,1,1,1,0,1,0,"wolf",32.4921
4,"detect-sheep-and-wolf","A3N0QZ9ZKUCTCQ","35","Male","A3N0QZ9ZKUCTCQ","",5.68333333333333,2023-10-17,"10/17/2023",8,8,"low","Extremely",2.91666666666667,0,0,0,0,0,0,0,0,0,0,0,0,0,0,0,0,0,0,0,0,0,0,0,0,0,0,0,0,0,0,0,0,0,0,0,0,NA,NA
4,"detect-sheep-and-wolf","A3N15463MQO5VF","44","Female","A3N15463MQO5VF","",10.0166666666667,2023-10-17,"10/17/2023",0,0,"low","Extremely",2.58333333333333,2,3,6,2,0,0,0,0,0,0,0,0,0,0,0,0,0,0,0,0,0,0,0,1,1,0,0,0,0,0,0,0,0,0,0,0,NA,NA
4,"detect-sheep-and-wolf","A3O0QZQ4V2IXT7","49","Female","A3O0QZQ4V2IXT7","",7.18333333333333,2023-10-17,"10/17/2023",0,0,"low","Extremely",2.625,5,6,7,6,0,0,0,0,0,1,0,1,0,0,0,1,0,0,0,0,0,1,0,0,0,0,0,0,0,0,0,0,1,0,0,0,NA,NA
4,"detect-sheep-and-wolf","A3O3NJQ5AUXUVV","33","Female","A3O3NJQ5AUXUVV","",8.58333333333333,2023-10-17,"10/17/2023",21,22,"high","Extremely",3.66666666666667,4,16,12,13,1,0,0,0,0,1,0,1,0,0,0,0,0,0,0,0,0,0,0,0,0,0,0,0,0,0,0,0,1,0,0,0,NA,NA
5,"detect-sheep-and-wolf","A3OZ8KF0HWSVWK","58","Male","A3OZ8KF0HWSVWK","",6.43333333333333,2023-10-31,"10/31/2023",0,0,"low","Extremely",2.25,0,0,0,0,0,0,0,0,0,0,0,0,0,0,0,0,0,0,0,0,0,0,0,0,0,0,0,0,0,0,0,0,0,0,0,0,"sheep",30.8793833333333
5,"detect-sheep-and-wolf","A3Q6YRWUMALT6D","41","Male","A3Q6YRWUMALT6D","",4.63333333333333,2023-10-31,"10/31/2023",2,1,"low","Extremely",2.125,1,1,1,1,0,0,0,0,0,0,0,0,0,0,0,0,0,0,0,0,0,0,0,0,0,0,0,0,0,0,0,0,0,1,0,0,"sheep",40.61865
5,"detect-sheep-and-wolf","A3QNCW3LR2AVOV","54","Male","A3QNCW3LR2AVOV","",6.03333333333333,2023-10-31,"10/31/2023",0,0,"low","Extremely",2.75,0,0,0,0,0,0,0,0,0,0,0,0,0,0,0,0,0,0,0,0,0,0,0,0,0,0,0,0,0,0,0,0,0,0,0,0,"sheep",35.4143833333333
4,"detect-sheep-and-wolf","A3QNV0P3W7ZOAX","37","Female","A3QNV0P3W7ZOAX","",4.86666666666667,2023-10-17,"10/17/2023",5,5,"low","Extremely",3.91666666666667,0,0,0,0,0,0,0,0,0,0,0,0,0,0,0,0,0,0,0,0,0,0,0,0,0,0,0,0,0,0,0,0,0,0,0,0,NA,NA
4,"detect-sheep-and-wolf","A3QTJVLFYGWIGB","36","Male","A3QTJVLFYGWIGB","",12.6,2023-10-17,"10/17/2023",9,16,"high","Extremely",3.16666666666667,0,0,0,0,0,0,0,0,0,0,0,0,0,0,0,0,0,0,0,0,0,0,0,0,0,0,0,0,0,0,0,0,0,0,0,0,NA,NA
4,"detect-sheep-and-wolf","A3R5OJR60C6004","46","Male","A3R5OJR60C6004","",5.48333333333333,2023-10-23,"10/23/2023",0,0,"low","Extremely",2.375,0,0,0,0,0,0,0,0,0,0,0,0,0,0,0,0,0,0,0,0,0,0,0,0,0,0,0,0,0,0,0,0,0,0,0,0,NA,NA
5,"detect-sheep-and-wolf","A3RUL1OC4CAINK","46","Male","A3RUL1OC4CAINK","",13.8833333333333,2023-10-31,"10/31/2023",1,0,"low","Extremely",2.45833333333333,8,21,28,12,0,0,0,0,0,0,0,1,0,0,0,0,0,1,0,0,0,1,0,0,1,0,0,0,1,0,1,0,1,1,0,0,"wolf",38.1318
4,"detect-sheep-and-wolf","A3TH6B3RUD1MUQ","56","Female","A3TH6B3RUD1MUQ","",9.33333333333333,2023-10-17,"10/17/2023",19,26,"high","Extremely",3.95833333333333,27,85,74,84,1,1,1,1,1,1,1,1,1,1,1,1,1,1,1,1,1,1,1,1,1,1,1,1,1,1,1,0,0,0,0,0,NA,NA
4,"detect-sheep-and-wolf","A3UKRC3LBM1LEW","39","Female","A3UKRC3LBM1LEW","",8.4,2023-10-23,"10/23/2023",0,0,"low","Extremely",3.83333333333333,9,27,27,27,1,0,1,0,0,0,0,0,0,0,0,0,0,0,0,0,0,0,0,1,0,0,1,0,1,0,1,0,1,1,0,1,NA,NA
4,"detect-sheep-and-wolf","A3V0H1DKNF9SUJ","36","Female","A3V0H1DKNF9SUJ","",13.45,2023-10-23,"10/23/2023",25,39,"high","Extremely",3.5,30,147,148,148,1,1,1,1,1,1,1,1,1,0,1,1,1,1,1,1,1,1,0,1,1,1,1,1,1,1,1,1,1,1,1,1,NA,NA
5,"detect-sheep-and-wolf","A3V2XCDF45VN9X","47","Male","A3V2XCDF45VN9X","",6.1,2023-10-31,"10/31/2023",8,1,"low","Extremely",2.70833333333333,0,0,0,0,0,0,0,0,0,0,0,0,0,0,0,0,0,0,0,0,0,0,0,0,0,0,0,0,0,0,0,0,0,0,0,0,"wolf",42.6840666666667
4,"detect-sheep-and-wolf","A3VDG4N48AVYGQ","38","Male","A3VDG4N48AVYGQ","",6.31666666666667,2023-10-17,"10/17/2023",1,0,"low","Extremely",2.41666666666667,0,0,0,0,0,0,0,0,0,0,0,0,0,0,0,0,0,0,0,0,0,0,0,0,0,0,0,0,0,0,0,0,0,0,0,0,NA,NA
5,"detect-sheep-and-wolf","A40O6S62MI2VC","38","Male","A40O6S62MI2VC","",8.15,2023-10-31,"10/31/2023",2,2,"low","Extremely",2.625,0,0,0,0,0,0,0,0,0,0,0,0,0,0,0,0,0,0,0,0,0,0,0,0,0,0,0,0,0,0,0,0,0,0,0,0,"sheep",30.9305
4,"detect-sheep-and-wolf","A41APS6V2Z1FJ","52","Female","A41APS6V2Z1FJ","",4.43333333333333,2023-10-23,"10/23/2023",5,0,"low","Extremely",1.95833333333333,0,0,0,0,0,0,0,0,0,0,0,0,0,0,0,0,0,0,0,0,0,0,0,0,0,0,0,0,0,0,0,0,0,0,0,0,NA,NA
5,"detect-sheep-and-wolf","A48H6RKOSFGE4","23","Male","A48H6RKOSFGE4","",8.66666666666667,2023-10-31,"10/31/2023",1,0,"low","Extremely",2.70833333333333,0,0,0,0,0,0,0,0,0,0,0,0,0,0,0,0,0,0,0,0,0,0,0,0,0,0,0,0,0,0,0,0,0,0,0,0,"sheep",30.09785
5,"detect-sheep-and-wolf","A5P12YJP805RG","28","Male","A5P12YJP805RG","",4.91666666666667,2023-10-31,"10/31/2023",0,0,"low","Extremely",2.375,0,0,0,0,0,0,0,0,0,0,0,0,0,0,0,0,0,0,0,0,0,0,0,0,0,0,0,0,0,0,0,0,0,0,0,0,"sheep",25.1
5,"detect-sheep-and-wolf","A6U2C66WQ7QQN","42","Female","A6U2C66WQ7QQN","",9.31666666666667,2023-10-31,"10/31/2023",5,5,"low","Extremely",2.91666666666667,7,13,17,9,1,0,0,0,0,1,0,0,0,0,0,0,0,1,0,0,0,0,0,1,1,0,1,0,0,0,0,0,0,1,0,0,"sheep",31.8443833333333
4,"detect-sheep-and-wolf","A6ZLFXYDXQAKE","39","Male","A6ZLFXYDXQAKE","",9.96666666666667,2023-10-23,"10/23/2023",15,15,"high","Extremely",2.16666666666667,0,0,0,0,0,0,0,0,0,0,0,0,0,0,0,0,0,0,0,0,0,0,0,0,0,0,0,0,0,0,0,0,0,0,0,0,NA,NA
4,"detect-sheep-and-wolf","A7QAPZ1YVA0K2","33","Female","A7QAPZ1YVA0K2","",15.9833333333333,2023-10-17,"10/17/2023",23,22,"high","Extremely",3.41666666666667,14,54,55,55,0,0,1,0,0,1,1,0,1,1,1,0,0,0,0,1,1,0,1,0,0,1,1,0,0,0,0,1,0,0,1,1,NA,NA
4,"detect-sheep-and-wolf","A82Q1HS5CPZ5I","33","Male","A82Q1HS5CPZ5I","",5.33333333333333,2023-10-18,"10/18/2023",5,0,"low","Extremely",2.83333333333333,0,0,0,0,0,0,0,0,0,0,0,0,0,0,0,0,0,0,0,0,0,0,0,0,0,0,0,0,0,0,0,0,0,0,0,0,NA,NA
5,"detect-sheep-and-wolf","A8V0L2YF8U6OX","32","Female","A8V0L2YF8U6OX","",11.2833333333333,2023-10-31,"10/31/2023",4,0,"low","Extremely",3.5,5,17,14,15,0,0,0,0,1,0,0,0,1,0,0,0,0,0,1,0,0,0,0,1,0,1,0,0,0,0,0,0,0,0,0,0,"wolf",39.6919
4,"detect-sheep-and-wolf","A9LSEP71DNP4O","38","Male","A9LSEP71DNP4O","",5.25,2023-10-17,"10/17/2023",0,0,"low","Extremely",1.95833333333333,0,0,0,0,0,0,0,0,0,0,0,0,0,0,0,0,0,0,0,0,0,0,0,0,0,0,0,0,0,0,0,0,0,0,0,0,NA,NA
4,"detect-sheep-and-wolf","ACKG8OU1KHKO2","29","Male","ACKG8OU1KHKO2","",5.33333333333333,2023-10-17,"10/17/2023",5,8,"low","Extremely",4.375,0,0,0,0,0,0,0,0,0,0,0,0,0,0,0,0,0,0,0,0,0,0,0,0,0,0,0,0,0,0,0,0,0,0,0,0,NA,NA
4,"detect-sheep-and-wolf","ACL64UHE1FP6C","41","Male","ACL64UHE1FP6C","",5.86666666666667,2023-10-17,"10/17/2023",25,35,"high","Extremely",4.125,21,91,97,99,1,0,1,1,1,0,1,1,1,0,0,1,1,1,1,0,1,1,1,0,1,1,1,1,0,0,1,1,0,0,0,1,NA,NA
5,"detect-sheep-and-wolf","ADGDDNXMSOGBV","27","Male","ADGDDNXMSOGBV","",5.53333333333333,2023-10-31,"10/31/2023",13,18,"high","Extremely",2.79166666666667,3,9,7,5,0,0,0,0,0,0,0,0,0,0,1,0,0,0,1,0,0,0,0,0,1,0,0,0,0,0,0,0,0,0,0,0,"wolf",26.9617333333333
5,"detect-sheep-and-wolf","AEOFJWOEXF94U","26","Male","AEOFJWOEXF94U","",3.98333333333333,2023-10-31,"10/31/2023",0,0,"low","Extremely",2.75,0,0,0,0,0,0,0,0,0,0,0,0,0,0,0,0,0,0,0,0,0,0,0,0,0,0,0,0,0,0,0,0,0,0,0,0,"wolf",23.5804833333333
4,"detect-sheep-and-wolf","AEW3RUARJ1K8R","32","Male","AEW3RUARJ1K8R","",6.35,2023-10-17,"10/17/2023",28,29,"high","Extremely",4.08333333333333,14,56,57,55,0,0,0,0,1,1,0,0,1,1,1,0,1,0,1,0,0,0,1,1,1,0,0,1,0,0,1,0,1,0,1,0,NA,NA
5,"detect-sheep-and-wolf","AF2BJOFFCZQWY","32","Male","AF2BJOFFCZQWY","",7.98333333333333,2023-10-31,"10/31/2023",7,0,"low","Extremely",1.79166666666667,11,22,31,20,1,1,1,0,1,0,1,0,0,0,0,0,0,1,0,0,0,1,0,1,1,0,1,0,0,0,1,0,0,0,0,0,"sheep",27.2161833333333
5,"detect-sheep-and-wolf","AF8UBU5UVSL0F","25","Female","AF8UBU5UVSL0F","",4.9,2023-10-31,"10/31/2023",24,31,"high","Extremely",3.91666666666667,17,70,70,68,1,0,0,1,1,0,0,0,1,0,1,1,0,0,1,1,1,0,0,0,1,1,0,1,0,0,1,1,1,1,0,1,"wolf",24.8778833333333
5,"detect-sheep-and-wolf","AFCMHQWCV6N02","30","Male","AFCMHQWCV6N02","",10.2833333333333,2023-10-31,"10/31/2023",0,0,"low","Extremely",3.125,0,0,0,0,0,0,0,0,0,0,0,0,0,0,0,0,0,0,0,0,0,0,0,0,0,0,0,0,0,0,0,0,0,0,0,0,"wolf",30.9377666666667
5,"detect-sheep-and-wolf","AGUKOC5210YWQ","40","Male","AGUKOC5210YWQ","",6.05,2023-10-31,"10/31/2023",17,17,"high","Extremely",3.66666666666667,12,43,41,38,0,1,0,0,1,0,0,0,1,0,0,0,1,1,0,0,0,0,0,1,1,0,0,0,1,1,1,0,0,0,1,1,"wolf",30.1263833333333
4,"detect-sheep-and-wolf","AGX171Q54YXPI","39","Male","AGX171Q54YXPI","",30.45,2023-10-17,"10/17/2023",13,0,"low","Extremely",3.625,0,0,0,0,0,0,0,0,0,0,0,0,0,0,0,0,0,0,0,0,0,0,0,0,0,0,0,0,0,0,0,0,0,0,0,0,NA,NA
4,"detect-sheep-and-wolf","AH7Z2M3KSQ4DW","36","Female","AH7Z2M3KSQ4DW","",13.2666666666667,2023-10-04,"10/04/2023",2,1,"low","Extremely",4.375,19,27,41,49,1,1,0,1,1,1,0,1,1,0,0,1,1,0,1,0,0,1,0,1,0,1,1,0,1,0,1,0,1,0,1,1,NA,NA
4,"detect-sheep-and-wolf","AIXZNUNYZHM4I","32","Male","AIXZNUNYZHM4I","",4.66666666666667,2023-10-23,"10/23/2023",17,22,"high","Extremely",3.54166666666667,15,51,47,49,0,0,1,0,0,1,0,0,1,1,0,0,0,1,0,0,1,1,1,1,0,0,1,1,1,0,1,1,0,0,0,1,NA,NA
5,"detect-sheep-and-wolf","AJDXSXAWDDAEO","36","Male","AJDXSXAWDDAEO","",6.2,2023-10-31,"10/31/2023",4,0,"low","Extremely",3.54166666666667,0,0,0,0,0,0,0,0,0,0,0,0,0,0,0,0,0,0,0,0,0,0,0,0,0,0,0,0,0,0,0,0,0,0,0,0,"wolf",30.7981833333333
4,"detect-sheep-and-wolf","AJQ71YIGY01HZ","36","Female","AJQ71YIGY01HZ","",12.4666666666667,2023-10-23,"10/23/2023",0,0,"low","Extremely",4.08333333333333,4,4,6,12,0,1,0,0,0,0,1,1,0,0,0,0,0,0,0,0,0,0,0,0,0,0,0,0,0,0,1,0,0,0,0,0,NA,NA
5,"detect-sheep-and-wolf","AKAM01E1R4KAF","37","Male","AKAM01E1R4KAF","",3.61666666666667,2023-10-31,"10/31/2023",5,10,"low","Extremely",2.625,0,0,0,0,0,0,0,0,0,0,0,0,0,0,0,0,0,0,0,0,0,0,0,0,0,0,0,0,0,0,0,0,0,0,0,0,"sheep",21.19555
4,"detect-sheep-and-wolf","AKJLAFX2M86TP","37","Female","AKJLAFX2M86TP","",5.3,2023-10-17,"10/17/2023",23,28,"high","Extremely",4.16666666666667,20,77,83,79,1,1,0,1,1,0,1,0,0,0,1,1,1,1,1,0,1,0,1,1,0,1,1,0,1,0,0,1,1,0,1,1,NA,NA
4,"detect-sheep-and-wolf","AKNYT1NTK2UFK","39","Female","AKNYT1NTK2UFK","",6.35,2023-10-17,"10/17/2023",0,0,"low","Extremely",3.125,0,0,0,0,0,0,0,0,0,0,0,0,0,0,0,0,0,0,0,0,0,0,0,0,0,0,0,0,0,0,0,0,0,0,0,0,NA,NA
5,"detect-sheep-and-wolf","AKX4H8RT7BL7H","40","Male","AKX4H8RT7BL7H","",12.5333333333333,2023-10-31,"10/31/2023",0,0,"low","Extremely",1.08333333333333,0,0,0,0,0,0,0,0,0,0,0,0,0,0,0,0,0,0,0,0,0,0,0,0,0,0,0,0,0,0,0,0,0,0,0,0,"sheep",39.6990666666667
4,"detect-sheep-and-wolf","ALDQRWYZ8KQ9A","45","Male","ALDQRWYZ8KQ9A","",10.2,2023-10-17,"10/17/2023",14,1,"low","Extremely",2.29166666666667,3,5,5,3,0,0,0,0,0,1,0,0,0,0,0,0,1,0,0,0,0,0,0,0,0,0,0,0,0,0,0,0,0,0,0,1,NA,NA
5,"detect-sheep-and-wolf","ALNPW5WIO0I","56","Male","ALNPW5WIO0I","",3.93333333333333,2023-10-31,"10/31/2023",25,34,"high","Extremely",3.70833333333333,13,53,56,55,0,0,1,1,0,1,0,0,0,1,1,0,0,1,1,0,0,0,1,1,0,1,0,0,0,1,1,0,0,1,0,0,"wolf",28.1574833333333
4,"detect-sheep-and-wolf","AMD6UIKLUJCFW","43","Female","AMD6UIKLUJCFW","",5.58333333333333,2023-10-17,"10/17/2023",24,28,"high","Extremely",3.875,19,67,70,68,1,1,1,0,0,1,1,1,0,1,1,0,0,0,1,1,1,0,1,0,1,0,1,1,0,1,0,1,0,1,0,1,NA,NA
4,"detect-sheep-and-wolf","AMLE1FC3SQVL8","27","Male","AMLE1FC3SQVL8","",7.55,2023-10-17,"10/17/2023",5,0,"low","Extremely",3.5,0,0,0,0,0,0,0,0,0,0,0,0,0,0,0,0,0,0,0,0,0,0,0,0,0,0,0,0,0,0,0,0,0,0,0,0,NA,NA
4,"detect-sheep-and-wolf","AN7B5L7H2UEUK","32","Male","AN7B5L7H2UEUK","",4.3,2023-10-17,"10/17/2023",28,31,"high","Extremely",4.125,13,52,52,53,0,0,0,0,0,1,1,0,0,1,1,0,0,0,1,1,1,0,0,1,0,1,0,0,0,1,1,0,0,1,1,0,NA,NA
4,"detect-sheep-and-wolf","ANK8K5WTHJ61C","55","Female","ANK8K5WTHJ61C","",10.9333333333333,2023-10-17,"10/17/2023",1,0,"low","Extremely",1.45833333333333,0,0,0,0,0,0,0,0,0,0,0,0,0,0,0,0,0,0,0,0,0,0,0,0,0,0,0,0,0,0,0,0,0,0,0,0,NA,NA
5,"detect-sheep-and-wolf","ANOPPPGFNTUPN","35","Female","ANOPPPGFNTUPN","",5.3,2023-10-31,"10/31/2023",20,26,"high","Extremely",4.20833333333333,10,38,38,39,0,0,0,0,1,1,0,1,1,0,0,0,1,0,1,1,0,0,0,0,0,1,0,0,0,0,1,0,0,0,1,0,"sheep",30.9582833333333
4,"detect-sheep-and-wolf","AOIR8V07FYMH5","36","Male","AOIR8V07FYMH5","",6.28333333333333,2023-10-17,"10/17/2023",0,0,"low","Extremely",2.45833333333333,2,2,4,2,1,0,0,0,0,0,0,1,0,0,0,0,0,0,0,0,0,0,0,0,0,0,0,0,0,0,0,0,0,0,0,0,NA,NA
5,"detect-sheep-and-wolf","APJJ1HHD2GGFS","41","Female","APJJ1HHD2GGFS","",15.15,2023-10-31,"10/31/2023",6,2,"low","Extremely",2.66666666666667,5,18,12,10,1,1,0,1,0,0,0,0,0,0,0,0,0,0,1,0,0,0,0,0,0,0,0,0,0,0,1,0,0,0,0,0,"wolf",44.7910333333333
4,"detect-sheep-and-wolf","APVZGZM1RA3AZ","65","Female","APVZGZM1RA3AZ","",7.23333333333333,2023-10-23,"10/23/2023",2,0,"low","Extremely",2.54166666666667,1,2,3,4,0,0,0,1,0,0,0,0,0,0,0,0,0,0,0,0,0,0,0,0,0,0,0,0,0,0,0,0,0,0,0,0,NA,NA
5,"detect-sheep-and-wolf","AR1IWBDA7MC86","36","Male","AR1IWBDA7MC86","",9.13333333333333,2023-10-31,"10/31/2023",2,0,"low","Extremely",3.58333333333333,8,8,8,10,0,0,0,0,0,1,0,1,0,0,0,0,0,1,0,0,0,1,0,0,1,0,0,0,0,0,0,0,1,1,0,1,"wolf",30.3798
5,"detect-sheep-and-wolf","ARFJTVZE5IKLC","30","Male","ARFJTVZE5IKLC","",8.03333333333333,2023-10-31,"10/31/2023",23,31,"high","Extremely",4.08333333333333,14,55,58,58,0,1,0,0,1,0,1,1,0,1,0,1,0,1,0,0,1,0,1,0,1,0,1,0,0,1,0,0,1,0,1,0,"sheep",38.2927666666667
5,"detect-sheep-and-wolf","ARKZRVB9WN15M","33","Male","ARKZRVB9WN15M","",9.25,2023-10-31,"10/31/2023",3,1,"low","Extremely",3.04166666666667,5,12,11,12,0,0,0,1,1,0,0,0,0,0,0,0,0,0,0,0,0,0,0,1,1,0,0,0,0,0,1,0,0,0,0,0,"sheep",29.73745
5,"detect-sheep-and-wolf","ASVRLMDNQBUD9","43","Male","ASVRLMDNQBUD9","",7.53333333333333,2023-10-31,"10/31/2023",0,0,"low","Extremely",1.79166666666667,0,0,0,0,0,0,0,0,0,0,0,0,0,0,0,0,0,0,0,0,0,0,0,0,0,0,0,0,0,0,0,0,0,0,0,0,"wolf",35.7160333333333
4,"detect-sheep-and-wolf","AUZNL6ARA1UEC","56","Male","AUZNL6ARA1UEC","",6.23333333333333,2023-10-23,"10/23/2023",0,0,"low","Extremely",1.83333333333333,0,0,0,0,0,0,0,0,0,0,0,0,0,0,0,0,0,0,0,0,0,0,0,0,0,0,0,0,0,0,0,0,0,0,0,0,NA,NA
5,"detect-sheep-and-wolf","AV4584AQEQAEN","34","Male","AV4584AQEQAEN","",14.3333333333333,2023-10-31,"10/31/2023",5,1,"low","Extremely",2.75,3,7,9,4,0,0,0,0,1,0,0,0,0,0,0,0,0,0,1,0,0,0,0,0,0,0,0,0,0,0,1,0,0,0,0,0,"sheep",37.11995
4,"detect-sheep-and-wolf","AV7UX8QQXABSK","31","Male","AV7UX8QQXABSK","",7.9,2023-10-17,"10/17/2023",0,0,"low","Extremely",5,0,0,0,0,0,0,0,0,0,0,0,0,0,0,0,0,0,0,0,0,0,0,0,0,0,0,0,0,0,0,0,0,0,0,0,0,NA,NA
4,"detect-sheep-and-wolf","AXPZAP62ZYWP8","28","Male","AXPZAP62ZYWP8","",3.83333333333333,2023-10-17,"10/17/2023",13,22,"high","Extremely",3.41666666666667,0,0,0,0,0,0,0,0,0,0,0,0,0,0,0,0,0,0,0,0,0,0,0,0,0,0,0,0,0,0,0,0,0,0,0,0,NA,NA
4,"detect-sheep-and-wolf","AYW62R027PUT1","48","Male","AYW62R027PUT1","",7.7,2023-10-18,"10/18/2023",0,0,"low","Extremely",1.33333333333333,0,0,0,0,0,0,0,0,0,0,0,0,0,0,0,0,0,0,0,0,0,0,0,0,0,0,0,0,0,0,0,0,0,0,0,0,NA,NA
5,"detect-sheep-and-wolf","AZCGSVDT79E6X","29","Male","AZCGSVDT79E6X","",5.41666666666667,2023-10-31,"10/31/2023",0,0,"low","Extremely",2.16666666666667,0,0,0,0,0,0,0,0,0,0,0,0,0,0,0,0,0,0,0,0,0,0,0,0,0,0,0,0,0,0,0,0,0,0,0,0,"wolf",24.6557
4,"detect-sheep-and-wolf","AZTYIBLLB60V8","47","Female","AZTYIBLLB60V8","",7.2,2023-10-17,"10/17/2023",1,0,"low","Extremely",3.08333333333333,0,0,0,0,0,0,0,0,0,0,0,0,0,0,0,0,0,0,0,0,0,0,0,0,0,0,0,0,0,0,0,0,0,0,0,0,NA,NA
